"report_group","corpus_family","language_guess","severity","code","count"
"canonical_udhr_v0_3_nulls100","parallel_udhr","ar","info","STATISTICAL_DEVIATION","50"
"canonical_udhr_v0_3_nulls100","parallel_udhr","ar","info","SURVIVES_MARKOV_2_NULL","4"
"canonical_udhr_v0_3_nulls100","parallel_udhr","ar","warning","DEGENERATE_EVENT_MAP","2"
"canonical_udhr_v0_3_nulls100","parallel_udhr","ar","warning","LOW_EVENT_COUNT","2"
"canonical_udhr_v0_3_nulls100","parallel_udhr","ar","warning","OVER_REGULARITY_WARNING","18"
"canonical_udhr_v0_3_nulls100","parallel_udhr","ar","warning","PERIODICITY_OR_CLUSTERING_WARNING","15"
"canonical_udhr_v0_3_nulls100","parallel_udhr","cy","info","STATISTICAL_DEVIATION","40"
"canonical_udhr_v0_3_nulls100","parallel_udhr","cy","warning","DEGENERATE_EVENT_MAP","2"
"canonical_udhr_v0_3_nulls100","parallel_udhr","cy","warning","LOW_EVENT_COUNT","2"
"canonical_udhr_v0_3_nulls100","parallel_udhr","cy","warning","OVER_REGULARITY_WARNING","18"
"canonical_udhr_v0_3_nulls100","parallel_udhr","cy","warning","PERIODICITY_OR_CLUSTERING_WARNING","10"
"canonical_udhr_v0_3_nulls100","parallel_udhr","de","info","STATISTICAL_DEVIATION","68"
"canonical_udhr_v0_3_nulls100","parallel_udhr","de","info","SURVIVES_MARKOV_2_NULL","7"
"canonical_udhr_v0_3_nulls100","parallel_udhr","de","warning","DEGENERATE_EVENT_MAP","2"
"canonical_udhr_v0_3_nulls100","parallel_udhr","de","warning","LOW_EVENT_COUNT","3"
"canonical_udhr_v0_3_nulls100","parallel_udhr","de","warning","OVER_REGULARITY_WARNING","16"
"canonical_udhr_v0_3_nulls100","parallel_udhr","de","warning","PERIODICITY_OR_CLUSTERING_WARNING","17"
"canonical_udhr_v0_3_nulls100","parallel_udhr","el","info","STATISTICAL_DEVIATION","41"
"canonical_udhr_v0_3_nulls100","parallel_udhr","el","info","SURVIVES_MARKOV_2_NULL","4"
"canonical_udhr_v0_3_nulls100","parallel_udhr","el","warning","DEGENERATE_EVENT_MAP","4"
"canonical_udhr_v0_3_nulls100","parallel_udhr","el","warning","LOW_EVENT_COUNT","5"
"canonical_udhr_v0_3_nulls100","parallel_udhr","el","warning","OVER_REGULARITY_WARNING","6"
"canonical_udhr_v0_3_nulls100","parallel_udhr","el","warning","PERIODICITY_OR_CLUSTERING_WARNING","15"
"canonical_udhr_v0_3_nulls100","parallel_udhr","en","info","STATISTICAL_DEVIATION","54"
"canonical_udhr_v0_3_nulls100","parallel_udhr","en","info","SURVIVES_MARKOV_2_NULL","3"
"canonical_udhr_v0_3_nulls100","parallel_udhr","en","warning","DEGENERATE_EVENT_MAP","2"
"canonical_udhr_v0_3_nulls100","parallel_udhr","en","warning","LOW_EVENT_COUNT","3"
"canonical_udhr_v0_3_nulls100","parallel_udhr","en","warning","OVER_REGULARITY_WARNING","17"
"canonical_udhr_v0_3_nulls100","parallel_udhr","en","warning","PERIODICITY_OR_CLUSTERING_WARNING","16"
"canonical_udhr_v0_3_nulls100","parallel_udhr","es","info","STATISTICAL_DEVIATION","65"
"canonical_udhr_v0_3_nulls100","parallel_udhr","es","info","SURVIVES_MARKOV_2_NULL","8"
"canonical_udhr_v0_3_nulls100","parallel_udhr","es","warning","DEGENERATE_EVENT_MAP","2"
"canonical_udhr_v0_3_nulls100","parallel_udhr","es","warning","LOW_EVENT_COUNT","3"
"canonical_udhr_v0_3_nulls100","parallel_udhr","es","warning","OVER_REGULARITY_WARNING","18"
"canonical_udhr_v0_3_nulls100","parallel_udhr","es","warning","PERIODICITY_OR_CLUSTERING_WARNING","18"
"canonical_udhr_v0_3_nulls100","parallel_udhr","fr","info","STATISTICAL_DEVIATION","54"
"canonical_udhr_v0_3_nulls100","parallel_udhr","fr","info","SURVIVES_MARKOV_2_NULL","4"
"canonical_udhr_v0_3_nulls100","parallel_udhr","fr","warning","DEGENERATE_EVENT_MAP","2"
"canonical_udhr_v0_3_nulls100","parallel_udhr","fr","warning","LOW_EVENT_COUNT","3"
"canonical_udhr_v0_3_nulls100","parallel_udhr","fr","warning","OVER_REGULARITY_WARNING","16"
"canonical_udhr_v0_3_nulls100","parallel_udhr","fr","warning","PERIODICITY_OR_CLUSTERING_WARNING","15"
"canonical_udhr_v0_3_nulls100","parallel_udhr","he","info","STATISTICAL_DEVIATION","44"
"canonical_udhr_v0_3_nulls100","parallel_udhr","he","info","SURVIVES_MARKOV_2_NULL","5"
"canonical_udhr_v0_3_nulls100","parallel_udhr","he","warning","DEGENERATE_EVENT_MAP","4"
"canonical_udhr_v0_3_nulls100","parallel_udhr","he","warning","LOW_EVENT_COUNT","5"
"canonical_udhr_v0_3_nulls100","parallel_udhr","he","warning","OVER_REGULARITY_WARNING","17"
"canonical_udhr_v0_3_nulls100","parallel_udhr","he","warning","PERIODICITY_OR_CLUSTERING_WARNING","15"
"canonical_udhr_v0_3_nulls100","parallel_udhr","is","info","STATISTICAL_DEVIATION","64"
"canonical_udhr_v0_3_nulls100","parallel_udhr","is","info","SURVIVES_MARKOV_2_NULL","6"
"canonical_udhr_v0_3_nulls100","parallel_udhr","is","warning","DEGENERATE_EVENT_MAP","3"
"canonical_udhr_v0_3_nulls100","parallel_udhr","is","warning","LOW_EVENT_COUNT","3"
"canonical_udhr_v0_3_nulls100","parallel_udhr","is","warning","OVER_REGULARITY_WARNING","20"
"canonical_udhr_v0_3_nulls100","parallel_udhr","is","warning","PERIODICITY_OR_CLUSTERING_WARNING","20"
"canonical_udhr_v0_3_nulls100","parallel_udhr","ja","info","STATISTICAL_DEVIATION","61"
"canonical_udhr_v0_3_nulls100","parallel_udhr","ja","info","SURVIVES_MARKOV_2_NULL","8"
"canonical_udhr_v0_3_nulls100","parallel_udhr","ja","warning","DEGENERATE_EVENT_MAP","4"
"canonical_udhr_v0_3_nulls100","parallel_udhr","ja","warning","LOW_EVENT_COUNT","4"
"canonical_udhr_v0_3_nulls100","parallel_udhr","ja","warning","OVER_REGULARITY_WARNING","21"
"canonical_udhr_v0_3_nulls100","parallel_udhr","ja","warning","PERIODICITY_OR_CLUSTERING_WARNING","18"
"canonical_udhr_v0_3_nulls100","parallel_udhr","la","info","STATISTICAL_DEVIATION","43"
"canonical_udhr_v0_3_nulls100","parallel_udhr","la","info","SURVIVES_MARKOV_2_NULL","5"
"canonical_udhr_v0_3_nulls100","parallel_udhr","la","warning","DEGENERATE_EVENT_MAP","5"
"canonical_udhr_v0_3_nulls100","parallel_udhr","la","warning","LOW_EVENT_COUNT","5"
"canonical_udhr_v0_3_nulls100","parallel_udhr","la","warning","OVER_REGULARITY_WARNING","12"
"canonical_udhr_v0_3_nulls100","parallel_udhr","la","warning","PERIODICITY_OR_CLUSTERING_WARNING","17"
"canonical_udhr_v0_3_nulls100","parallel_udhr","mesu","info","STATISTICAL_DEVIATION","29"
"canonical_udhr_v0_3_nulls100","parallel_udhr","mesu","warning","DEGENERATE_EVENT_MAP","5"
"canonical_udhr_v0_3_nulls100","parallel_udhr","mesu","warning","LOW_EVENT_COUNT","6"
"canonical_udhr_v0_3_nulls100","parallel_udhr","mesu","warning","OVER_REGULARITY_WARNING","7"
"canonical_udhr_v0_3_nulls100","parallel_udhr","mesu","warning","PERIODICITY_OR_CLUSTERING_WARNING","13"
"canonical_udhr_v0_3_nulls100","parallel_udhr","ru","info","STATISTICAL_DEVIATION","31"
"canonical_udhr_v0_3_nulls100","parallel_udhr","ru","info","SURVIVES_MARKOV_2_NULL","5"
"canonical_udhr_v0_3_nulls100","parallel_udhr","ru","warning","DEGENERATE_EVENT_MAP","2"
"canonical_udhr_v0_3_nulls100","parallel_udhr","ru","warning","LOW_EVENT_COUNT","5"
"canonical_udhr_v0_3_nulls100","parallel_udhr","ru","warning","OVER_REGULARITY_WARNING","6"
"canonical_udhr_v0_3_nulls100","parallel_udhr","ru","warning","PERIODICITY_OR_CLUSTERING_WARNING","9"
"canonical_udhr_v0_3_nulls100","parallel_udhr","sw","info","STATISTICAL_DEVIATION","50"
"canonical_udhr_v0_3_nulls100","parallel_udhr","sw","info","SURVIVES_MARKOV_2_NULL","2"
"canonical_udhr_v0_3_nulls100","parallel_udhr","sw","warning","DEGENERATE_EVENT_MAP","3"
"canonical_udhr_v0_3_nulls100","parallel_udhr","sw","warning","LOW_EVENT_COUNT","3"
"canonical_udhr_v0_3_nulls100","parallel_udhr","sw","warning","OVER_REGULARITY_WARNING","17"
"canonical_udhr_v0_3_nulls100","parallel_udhr","sw","warning","PERIODICITY_OR_CLUSTERING_WARNING","22"
"canonical_udhr_v0_3_nulls100","parallel_udhr","tr","info","STATISTICAL_DEVIATION","63"
"canonical_udhr_v0_3_nulls100","parallel_udhr","tr","info","SURVIVES_MARKOV_2_NULL","7"
"canonical_udhr_v0_3_nulls100","parallel_udhr","tr","warning","DEGENERATE_EVENT_MAP","2"
"canonical_udhr_v0_3_nulls100","parallel_udhr","tr","warning","LOW_EVENT_COUNT","2"
"canonical_udhr_v0_3_nulls100","parallel_udhr","tr","warning","OVER_REGULARITY_WARNING","21"
"canonical_udhr_v0_3_nulls100","parallel_udhr","tr","warning","PERIODICITY_OR_CLUSTERING_WARNING","22"
"canonical_udhr_v0_3_nulls100","parallel_udhr","xh","info","STATISTICAL_DEVIATION","64"
"canonical_udhr_v0_3_nulls100","parallel_udhr","xh","info","SURVIVES_MARKOV_2_NULL","7"
"canonical_udhr_v0_3_nulls100","parallel_udhr","xh","warning","DEGENERATE_EVENT_MAP","3"
"canonical_udhr_v0_3_nulls100","parallel_udhr","xh","warning","LOW_EVENT_COUNT","3"
"canonical_udhr_v0_3_nulls100","parallel_udhr","xh","warning","OVER_REGULARITY_WARNING","18"
"canonical_udhr_v0_3_nulls100","parallel_udhr","xh","warning","PERIODICITY_OR_CLUSTERING_WARNING","24"
"canonical_udhr_v0_3_nulls100","parallel_udhr","zh","info","STATISTICAL_DEVIATION","73"
"canonical_udhr_v0_3_nulls100","parallel_udhr","zh","info","SURVIVES_MARKOV_2_NULL","12"
"canonical_udhr_v0_3_nulls100","parallel_udhr","zh","warning","DEGENERATE_EVENT_MAP","3"
"canonical_udhr_v0_3_nulls100","parallel_udhr","zh","warning","LOW_EVENT_COUNT","5"
"canonical_udhr_v0_3_nulls100","parallel_udhr","zh","warning","OVER_REGULARITY_WARNING","13"
"canonical_udhr_v0_3_nulls100","parallel_udhr","zh","warning","PERIODICITY_OR_CLUSTERING_WARNING","18"
