"report_file","report_group","experiment","status","language_reported","language_guess","corpus_family","source","input","input_bytes","input_chars","cleaned_chars","null_samples","seed","tool_version","hyphen_policy","encoding","encoding_sequence_len","encoding_unique_symbols","encoding_symbol_entropy_bits","event","event_description","event_count","metric","null_model","observed","null_mean","null_std","z","abs_z","p_emp","survives_markov_2","raw_metric_json"
"outputs\canonical_udhr_v0_3_nulls100\ar_udhr_ar_canonical.json","canonical_udhr_v0_3_nulls100","","","","ar","parallel_udhr","udhr","","","","","","","","","grapheme","7656","","","whitespace","Whitespace positions.","1350","gap_entropy","markov_2","2.941187947255","3.140720777237","0.039025595605","-5.112870845044","5.112870845044","0.009900990099","True","{""name"": ""gap_entropy"", ""null_model"": ""markov_2"", ""observed"": 2.941187947255, ""null_mean"": 3.140720777237, ""null_std"": 0.039025595605, ""z_score"": -5.112870845044, ""empirical_p"": 0.009900990099, ""null_samples"": 100}"
"outputs\canonical_udhr_v0_3_nulls100\ar_udhr_ar_canonical.json","canonical_udhr_v0_3_nulls100","","","","ar","parallel_udhr","udhr","","","","","","","","","grapheme","7656","","","whitespace","Whitespace positions.","1350","run_entropy","markov_2","2.439546041259","2.538960765781","0.018786382922","-5.291850215841","5.291850215841","0.009900990099","True","{""name"": ""run_entropy"", ""null_model"": ""markov_2"", ""observed"": 2.439546041259, ""null_mean"": 2.538960765781, ""null_std"": 0.018786382922, ""z_score"": -5.291850215841, ""empirical_p"": 0.009900990099, ""null_samples"": 100}"
"outputs\canonical_udhr_v0_3_nulls100\ar_udhr_ar_canonical.json","canonical_udhr_v0_3_nulls100","","","","ar","parallel_udhr","udhr","","","","","","","","","grapheme","7656","","","whitespace","Whitespace positions.","1350","prime_gap_affinity","markov_2","0.484803558191","0.532353412721","0.01363164109","-3.488197364874","3.488197364874","0.009900990099","True","{""name"": ""prime_gap_affinity"", ""null_model"": ""markov_2"", ""observed"": 0.484803558191, ""null_mean"": 0.532353412721, ""null_std"": 0.01363164109, ""z_score"": -3.488197364874, ""empirical_p"": 0.009900990099, ""null_samples"": 100}"
"outputs\canonical_udhr_v0_3_nulls100\ar_udhr_ar_canonical.json","canonical_udhr_v0_3_nulls100","","","","ar","parallel_udhr","udhr","","","","","","","","","grapheme_class","7656","","","whitespace","Positions classified as whitespace in the grapheme-class stream.","1350","gap_entropy","markov_2","2.941187947255","3.135661290317","0.040831926921","-4.762776526288","4.762776526288","0.009900990099","True","{""name"": ""gap_entropy"", ""null_model"": ""markov_2"", ""observed"": 2.941187947255, ""null_mean"": 3.135661290317, ""null_std"": 0.040831926921, ""z_score"": -4.762776526288, ""empirical_p"": 0.009900990099, ""null_samples"": 100}"
"outputs\canonical_udhr_v0_3_nulls100\ar_udhr_ar_canonical.json","canonical_udhr_v0_3_nulls100","","","","ar","parallel_udhr","udhr","","","","","","","","","grapheme_class","7656","","","whitespace","Positions classified as whitespace in the grapheme-class stream.","1350","run_entropy","markov_2","2.439546041259","2.534597943342","0.019088471974","-4.979544838113","4.979544838113","0.009900990099","True","{""name"": ""run_entropy"", ""null_model"": ""markov_2"", ""observed"": 2.439546041259, ""null_mean"": 2.534597943342, ""null_std"": 0.019088471974, ""z_score"": -4.979544838113, ""empirical_p"": 0.009900990099, ""null_samples"": 100}"
"outputs\canonical_udhr_v0_3_nulls100\ar_udhr_ar_canonical.json","canonical_udhr_v0_3_nulls100","","","","ar","parallel_udhr","udhr","","","","","","","","","grapheme_class","7656","","","whitespace","Positions classified as whitespace in the grapheme-class stream.","1350","prime_gap_affinity","markov_2","0.484803558191","0.535400975707","0.011858619779","-4.26672061824","4.26672061824","0.009900990099","True","{""name"": ""prime_gap_affinity"", ""null_model"": ""markov_2"", ""observed"": 0.484803558191, ""null_mean"": 0.535400975707, ""null_std"": 0.011858619779, ""z_score"": -4.26672061824, ""empirical_p"": 0.009900990099, ""null_samples"": 100}"
"outputs\canonical_udhr_v0_3_nulls100\ar_udhr_ar_canonical.json","canonical_udhr_v0_3_nulls100","","","","ar","parallel_udhr","udhr","","","","","","","","","word_boundary","7656","","","word_boundary","Positions marked as word boundaries after declared whitespace preprocessing.","1350","gap_entropy","markov_2","2.941187947255","3.141945536947","0.041773210884","-4.805893189478","4.805893189478","0.009900990099","True","{""name"": ""gap_entropy"", ""null_model"": ""markov_2"", ""observed"": 2.941187947255, ""null_mean"": 3.141945536947, ""null_std"": 0.041773210884, ""z_score"": -4.805893189478, ""empirical_p"": 0.009900990099, ""null_samples"": 100}"
"outputs\canonical_udhr_v0_3_nulls100\ar_udhr_ar_canonical.json","canonical_udhr_v0_3_nulls100","","","","ar","parallel_udhr","udhr","","","","","","","","","word_boundary","7656","","","word_boundary","Positions marked as word boundaries after declared whitespace preprocessing.","1350","run_entropy","markov_2","2.439546041259","2.540003632799","0.021434407777","-4.68674444309","4.68674444309","0.009900990099","True","{""name"": ""run_entropy"", ""null_model"": ""markov_2"", ""observed"": 2.439546041259, ""null_mean"": 2.540003632799, ""null_std"": 0.021434407777, ""z_score"": -4.68674444309, ""empirical_p"": 0.009900990099, ""null_samples"": 100}"
"outputs\canonical_udhr_v0_3_nulls100\ar_udhr_ar_canonical.json","canonical_udhr_v0_3_nulls100","","","","ar","parallel_udhr","udhr","","","","","","","","","word_boundary","7656","","","word_boundary","Positions marked as word boundaries after declared whitespace preprocessing.","1350","prime_gap_affinity","markov_2","0.484803558191","0.533382086918","0.014528567397","-3.343655805782","3.343655805782","0.009900990099","True","{""name"": ""prime_gap_affinity"", ""null_model"": ""markov_2"", ""observed"": 0.484803558191, ""null_mean"": 0.533382086918, ""null_std"": 0.014528567397, ""z_score"": -3.343655805782, ""empirical_p"": 0.009900990099, ""null_samples"": 100}"
"outputs\canonical_udhr_v0_3_nulls100\ar_udhr_ar_canonical.json","canonical_udhr_v0_3_nulls100","","","","ar","parallel_udhr","udhr","","","","","","","","","frequency_class","1351","","","high_frequency","Token positions in frequency class high_frequency.","483","critical_line_symmetry","markov_2","0.696316083891","0.814881305713","0.037275022087","-3.180822308941","3.180822308941","0.019801980198","True","{""name"": ""critical_line_symmetry"", ""null_model"": ""markov_2"", ""observed"": 0.696316083891, ""null_mean"": 0.814881305713, ""null_std"": 0.037275022087, ""z_score"": -3.180822308941, ""empirical_p"": 0.019801980198, ""null_samples"": 100}"
"outputs\canonical_udhr_v0_3_nulls100\de_udhr_de_canonical.json","canonical_udhr_v0_3_nulls100","","","","de","parallel_udhr","udhr","","","","","","","","","grapheme","11932","","","vowel","Basic Latin-vowel positions plus common accented vowels.","3830","prime_gap_affinity","markov_2","0.604596500392","0.647085645742","0.00701053833","-6.060753589891","6.060753589891","0.009900990099","True","{""name"": ""prime_gap_affinity"", ""null_model"": ""markov_2"", ""observed"": 0.604596500392, ""null_mean"": 0.647085645742, ""null_std"": 0.00701053833, ""z_score"": -6.060753589891, ""empirical_p"": 0.009900990099, ""null_samples"": 100}"
"outputs\canonical_udhr_v0_3_nulls100\de_udhr_de_canonical.json","canonical_udhr_v0_3_nulls100","","","","de","parallel_udhr","udhr","","","","","","","","","grapheme","11932","","","whitespace","Whitespace positions.","1641","gap_entropy","markov_2","3.551874814698","3.717429237914","0.038954428226","-4.249951308645","4.249951308645","0.009900990099","True","{""name"": ""gap_entropy"", ""null_model"": ""markov_2"", ""observed"": 3.551874814698, ""null_mean"": 3.717429237914, ""null_std"": 0.038954428226, ""z_score"": -4.249951308645, ""empirical_p"": 0.009900990099, ""null_samples"": 100}"
"outputs\canonical_udhr_v0_3_nulls100\de_udhr_de_canonical.json","canonical_udhr_v0_3_nulls100","","","","de","parallel_udhr","udhr","","","","","","","","","grapheme","11932","","","whitespace","Whitespace positions.","1641","run_entropy","markov_2","2.749784455725","2.831851870334","0.018778356483","-4.370319345134","4.370319345134","0.009900990099","True","{""name"": ""run_entropy"", ""null_model"": ""markov_2"", ""observed"": 2.749784455725, ""null_mean"": 2.831851870334, ""null_std"": 0.018778356483, ""z_score"": -4.370319345134, ""empirical_p"": 0.009900990099, ""null_samples"": 100}"
"outputs\canonical_udhr_v0_3_nulls100\de_udhr_de_canonical.json","canonical_udhr_v0_3_nulls100","","","","de","parallel_udhr","udhr","","","","","","","","","grapheme","11932","","","whitespace","Whitespace positions.","1641","prime_gap_affinity","markov_2","0.324390243902","0.47700049118","0.015366277284","-9.931504192718","9.931504192718","0.009900990099","True","{""name"": ""prime_gap_affinity"", ""null_model"": ""markov_2"", ""observed"": 0.324390243902, ""null_mean"": 0.47700049118, ""null_std"": 0.015366277284, ""z_score"": -9.931504192718, ""empirical_p"": 0.009900990099, ""null_samples"": 100}"
"outputs\canonical_udhr_v0_3_nulls100\de_udhr_de_canonical.json","canonical_udhr_v0_3_nulls100","","","","de","parallel_udhr","udhr","","","","","","","","","grapheme","11932","","","digit","ASCII digit positions.","62","zeta_spectral_coherence","markov_2","8.4536418e-05","6.03789e-06","6.625284e-06","11.848326379514","11.848326379514","0.009900990099","True","{""name"": ""zeta_spectral_coherence"", ""null_model"": ""markov_2"", ""observed"": 8.4536418e-05, ""null_mean"": 6.03789e-06, ""null_std"": 6.625284e-06, ""z_score"": 11.848326379514, ""empirical_p"": 0.009900990099, ""null_samples"": 100}"
"outputs\canonical_udhr_v0_3_nulls100\de_udhr_de_canonical.json","canonical_udhr_v0_3_nulls100","","","","de","parallel_udhr","udhr","","","","","","","","","grapheme_class","11932","","","vowel","Positions classified as vowel in the grapheme-class stream.","3830","prime_gap_affinity","markov_2","0.604596500392","0.64762021027","0.007395045025","-5.81791047035","5.81791047035","0.009900990099","True","{""name"": ""prime_gap_affinity"", ""null_model"": ""markov_2"", ""observed"": 0.604596500392, ""null_mean"": 0.64762021027, ""null_std"": 0.007395045025, ""z_score"": -5.81791047035, ""empirical_p"": 0.009900990099, ""null_samples"": 100}"
"outputs\canonical_udhr_v0_3_nulls100\de_udhr_de_canonical.json","canonical_udhr_v0_3_nulls100","","","","de","parallel_udhr","udhr","","","","","","","","","grapheme_class","11932","","","digit","Positions classified as digit in the grapheme-class stream.","62","zeta_spectral_coherence","markov_2","8.4536418e-05","9.62489e-06","1.8358623e-05","4.08045453778","4.08045453778","0.029702970297","True","{""name"": ""zeta_spectral_coherence"", ""null_model"": ""markov_2"", ""observed"": 8.4536418e-05, ""null_mean"": 9.62489e-06, ""null_std"": 1.8358623e-05, ""z_score"": 4.08045453778, ""empirical_p"": 0.029702970297, ""null_samples"": 100}"
"outputs\canonical_udhr_v0_3_nulls100\de_udhr_de_canonical.json","canonical_udhr_v0_3_nulls100","","","","de","parallel_udhr","udhr","","","","","","","","","grapheme_class","11932","","","whitespace","Positions classified as whitespace in the grapheme-class stream.","1641","gap_entropy","markov_2","3.551874814698","3.714210873043","0.036734583785","-4.419161499004","4.419161499004","0.009900990099","True","{""name"": ""gap_entropy"", ""null_model"": ""markov_2"", ""observed"": 3.551874814698, ""null_mean"": 3.714210873043, ""null_std"": 0.036734583785, ""z_score"": -4.419161499004, ""empirical_p"": 0.009900990099, ""null_samples"": 100}"
"outputs\canonical_udhr_v0_3_nulls100\de_udhr_de_canonical.json","canonical_udhr_v0_3_nulls100","","","","de","parallel_udhr","udhr","","","","","","","","","grapheme_class","11932","","","whitespace","Positions classified as whitespace in the grapheme-class stream.","1641","run_entropy","markov_2","2.749784455725","2.828699955851","0.018636154103","-4.234537860704","4.234537860704","0.009900990099","True","{""name"": ""run_entropy"", ""null_model"": ""markov_2"", ""observed"": 2.749784455725, ""null_mean"": 2.828699955851, ""null_std"": 0.018636154103, ""z_score"": -4.234537860704, ""empirical_p"": 0.009900990099, ""null_samples"": 100}"
"outputs\canonical_udhr_v0_3_nulls100\de_udhr_de_canonical.json","canonical_udhr_v0_3_nulls100","","","","de","parallel_udhr","udhr","","","","","","","","","grapheme_class","11932","","","whitespace","Positions classified as whitespace in the grapheme-class stream.","1641","prime_gap_affinity","markov_2","0.324390243902","0.480342868495","0.012207576641","-12.775068236132","12.775068236132","0.009900990099","True","{""name"": ""prime_gap_affinity"", ""null_model"": ""markov_2"", ""observed"": 0.324390243902, ""null_mean"": 0.480342868495, ""null_std"": 0.012207576641, ""z_score"": -12.775068236132, ""empirical_p"": 0.009900990099, ""null_samples"": 100}"
"outputs\canonical_udhr_v0_3_nulls100\de_udhr_de_canonical.json","canonical_udhr_v0_3_nulls100","","","","de","parallel_udhr","udhr","","","","","","","","","word_boundary","11932","","","word_boundary","Positions marked as word boundaries after declared whitespace preprocessing.","1641","gap_entropy","markov_2","3.551874814698","3.722756324917","0.034431773127","-4.96290184032","4.96290184032","0.009900990099","True","{""name"": ""gap_entropy"", ""null_model"": ""markov_2"", ""observed"": 3.551874814698, ""null_mean"": 3.722756324917, ""null_std"": 0.034431773127, ""z_score"": -4.96290184032, ""empirical_p"": 0.009900990099, ""null_samples"": 100}"
"outputs\canonical_udhr_v0_3_nulls100\de_udhr_de_canonical.json","canonical_udhr_v0_3_nulls100","","","","de","parallel_udhr","udhr","","","","","","","","","word_boundary","11932","","","word_boundary","Positions marked as word boundaries after declared whitespace preprocessing.","1641","run_entropy","markov_2","2.749784455725","2.836250974629","0.016355624754","-5.286653380979","5.286653380979","0.009900990099","True","{""name"": ""run_entropy"", ""null_model"": ""markov_2"", ""observed"": 2.749784455725, ""null_mean"": 2.836250974629, ""null_std"": 0.016355624754, ""z_score"": -5.286653380979, ""empirical_p"": 0.009900990099, ""null_samples"": 100}"
"outputs\canonical_udhr_v0_3_nulls100\de_udhr_de_canonical.json","canonical_udhr_v0_3_nulls100","","","","de","parallel_udhr","udhr","","","","","","","","","word_boundary","11932","","","word_boundary","Positions marked as word boundaries after declared whitespace preprocessing.","1641","prime_gap_affinity","markov_2","0.324390243902","0.476399637647","0.012050362523","-12.614507941893","12.614507941893","0.009900990099","True","{""name"": ""prime_gap_affinity"", ""null_model"": ""markov_2"", ""observed"": 0.324390243902, ""null_mean"": 0.476399637647, ""null_std"": 0.012050362523, ""z_score"": -12.614507941893, ""empirical_p"": 0.009900990099, ""null_samples"": 100}"
"outputs\canonical_udhr_v0_3_nulls100\el_udhr_el_canonical.json","canonical_udhr_v0_3_nulls100","","","","el","parallel_udhr","udhr","","","","","","","","","grapheme","5470","","","whitespace","Whitespace positions.","827","gap_entropy","markov_2","3.479224871707","3.641165657583","0.047254744236","-3.426974127046","3.426974127046","0.009900990099","True","{""name"": ""gap_entropy"", ""null_model"": ""markov_2"", ""observed"": 3.479224871707, ""null_mean"": 3.641165657583, ""null_std"": 0.047254744236, ""z_score"": -3.426974127046, ""empirical_p"": 0.009900990099, ""null_samples"": 100}"
"outputs\canonical_udhr_v0_3_nulls100\el_udhr_el_canonical.json","canonical_udhr_v0_3_nulls100","","","","el","parallel_udhr","udhr","","","","","","","","","grapheme","5470","","","whitespace","Whitespace positions.","827","prime_gap_affinity","markov_2","0.418886198547","0.512999020127","0.018393920306","-5.116517850182","5.116517850182","0.009900990099","True","{""name"": ""prime_gap_affinity"", ""null_model"": ""markov_2"", ""observed"": 0.418886198547, ""null_mean"": 0.512999020127, ""null_std"": 0.018393920306, ""z_score"": -5.116517850182, ""empirical_p"": 0.009900990099, ""null_samples"": 100}"
"outputs\canonical_udhr_v0_3_nulls100\el_udhr_el_canonical.json","canonical_udhr_v0_3_nulls100","","","","el","parallel_udhr","udhr","","","","","","","","","grapheme_class","5470","","","digit","Positions classified as digit in the grapheme-class stream.","23","zeta_spectral_coherence","markov_2","7.2185678e-05","1.2416202e-05","1.5965614e-05","3.743637701629","3.743637701629","0.029702970297","True","{""name"": ""zeta_spectral_coherence"", ""null_model"": ""markov_2"", ""observed"": 7.2185678e-05, ""null_mean"": 1.2416202e-05, ""null_std"": 1.5965614e-05, ""z_score"": 3.743637701629, ""empirical_p"": 0.029702970297, ""null_samples"": 100}"
"outputs\canonical_udhr_v0_3_nulls100\el_udhr_el_canonical.json","canonical_udhr_v0_3_nulls100","","","","el","parallel_udhr","udhr","","","","","","","","","grapheme_class","5470","","","whitespace","Positions classified as whitespace in the grapheme-class stream.","827","gap_entropy","markov_2","3.479224871707","3.633867991526","0.046456219251","-3.328792620484","3.328792620484","0.009900990099","True","{""name"": ""gap_entropy"", ""null_model"": ""markov_2"", ""observed"": 3.479224871707, ""null_mean"": 3.633867991526, ""null_std"": 0.046456219251, ""z_score"": -3.328792620484, ""empirical_p"": 0.009900990099, ""null_samples"": 100}"
"outputs\canonical_udhr_v0_3_nulls100\el_udhr_el_canonical.json","canonical_udhr_v0_3_nulls100","","","","el","parallel_udhr","udhr","","","","","","","","","grapheme_class","5470","","","whitespace","Positions classified as whitespace in the grapheme-class stream.","827","prime_gap_affinity","markov_2","0.418886198547","0.515049874256","0.018707525468","-5.140373903092","5.140373903092","0.009900990099","True","{""name"": ""prime_gap_affinity"", ""null_model"": ""markov_2"", ""observed"": 0.418886198547, ""null_mean"": 0.515049874256, ""null_std"": 0.018707525468, ""z_score"": -5.140373903092, ""empirical_p"": 0.009900990099, ""null_samples"": 100}"
"outputs\canonical_udhr_v0_3_nulls100\el_udhr_el_canonical.json","canonical_udhr_v0_3_nulls100","","","","el","parallel_udhr","udhr","","","","","","","","","word_boundary","5470","","","word_boundary","Positions marked as word boundaries after declared whitespace preprocessing.","827","gap_entropy","markov_2","3.479224871707","3.64471748219","0.049069656065","-3.372605878157","3.372605878157","0.009900990099","True","{""name"": ""gap_entropy"", ""null_model"": ""markov_2"", ""observed"": 3.479224871707, ""null_mean"": 3.64471748219, ""null_std"": 0.049069656065, ""z_score"": -3.372605878157, ""empirical_p"": 0.009900990099, ""null_samples"": 100}"
"outputs\canonical_udhr_v0_3_nulls100\el_udhr_el_canonical.json","canonical_udhr_v0_3_nulls100","","","","el","parallel_udhr","udhr","","","","","","","","","word_boundary","5470","","","word_boundary","Positions marked as word boundaries after declared whitespace preprocessing.","827","prime_gap_affinity","markov_2","0.418886198547","0.510276115396","0.015880008644","-5.755029414422","5.755029414422","0.009900990099","True","{""name"": ""prime_gap_affinity"", ""null_model"": ""markov_2"", ""observed"": 0.418886198547, ""null_mean"": 0.510276115396, ""null_std"": 0.015880008644, ""z_score"": -5.755029414422, ""empirical_p"": 0.009900990099, ""null_samples"": 100}"
"outputs\canonical_udhr_v0_3_nulls100\en_udhr_en_canonical.json","canonical_udhr_v0_3_nulls100","","","","en","parallel_udhr","udhr","","","","","","","","","grapheme","10638","","","whitespace","Whitespace positions.","1746","prime_gap_affinity","markov_2","0.416045845272","0.517501038655","0.01236209875","-8.206955423785","8.206955423785","0.009900990099","True","{""name"": ""prime_gap_affinity"", ""null_model"": ""markov_2"", ""observed"": 0.416045845272, ""null_mean"": 0.517501038655, ""null_std"": 0.01236209875, ""z_score"": -8.206955423785, ""empirical_p"": 0.009900990099, ""null_samples"": 100}"
"outputs\canonical_udhr_v0_3_nulls100\en_udhr_en_canonical.json","canonical_udhr_v0_3_nulls100","","","","en","parallel_udhr","udhr","","","","","","","","","grapheme_class","10638","","","whitespace","Positions classified as whitespace in the grapheme-class stream.","1746","gap_entropy","markov_2","3.263981624553","3.362005498235","0.030826798054","-3.179826640152","3.179826640152","0.009900990099","True","{""name"": ""gap_entropy"", ""null_model"": ""markov_2"", ""observed"": 3.263981624553, ""null_mean"": 3.362005498235, ""null_std"": 0.030826798054, ""z_score"": -3.179826640152, ""empirical_p"": 0.009900990099, ""null_samples"": 100}"
"outputs\canonical_udhr_v0_3_nulls100\en_udhr_en_canonical.json","canonical_udhr_v0_3_nulls100","","","","en","parallel_udhr","udhr","","","","","","","","","grapheme_class","10638","","","whitespace","Positions classified as whitespace in the grapheme-class stream.","1746","run_entropy","markov_2","2.573497925415","2.620155174271","0.015220158382","-3.065490363733","3.065490363733","0.009900990099","True","{""name"": ""run_entropy"", ""null_model"": ""markov_2"", ""observed"": 2.573497925415, ""null_mean"": 2.620155174271, ""null_std"": 0.015220158382, ""z_score"": -3.065490363733, ""empirical_p"": 0.009900990099, ""null_samples"": 100}"
"outputs\canonical_udhr_v0_3_nulls100\en_udhr_en_canonical.json","canonical_udhr_v0_3_nulls100","","","","en","parallel_udhr","udhr","","","","","","","","","grapheme_class","10638","","","whitespace","Positions classified as whitespace in the grapheme-class stream.","1746","prime_gap_affinity","markov_2","0.416045845272","0.519392596753","0.011267208216","-9.172347710282","9.172347710282","0.009900990099","True","{""name"": ""prime_gap_affinity"", ""null_model"": ""markov_2"", ""observed"": 0.416045845272, ""null_mean"": 0.519392596753, ""null_std"": 0.011267208216, ""z_score"": -9.172347710282, ""empirical_p"": 0.009900990099, ""null_samples"": 100}"
"outputs\canonical_udhr_v0_3_nulls100\en_udhr_en_canonical.json","canonical_udhr_v0_3_nulls100","","","","en","parallel_udhr","udhr","","","","","","","","","word_boundary","10638","","","word_boundary","Positions marked as word boundaries after declared whitespace preprocessing.","1746","prime_gap_affinity","markov_2","0.416045845272","0.518090370058","0.01132064383","-9.014021314902","9.014021314902","0.009900990099","True","{""name"": ""prime_gap_affinity"", ""null_model"": ""markov_2"", ""observed"": 0.416045845272, ""null_mean"": 0.518090370058, ""null_std"": 0.01132064383, ""z_score"": -9.014021314902, ""empirical_p"": 0.009900990099, ""null_samples"": 100}"
"outputs\canonical_udhr_v0_3_nulls100\es_udhr_es_canonical.json","canonical_udhr_v0_3_nulls100","","","","es","parallel_udhr","udhr","","","","","","","","","grapheme","11965","","","vowel","Basic Latin-vowel positions plus common accented vowels.","4482","prime_gap_affinity","markov_2","0.750055791118","0.773107566037","0.006445618976","-3.576347749763","3.576347749763","0.009900990099","True","{""name"": ""prime_gap_affinity"", ""null_model"": ""markov_2"", ""observed"": 0.750055791118, ""null_mean"": 0.773107566037, ""null_std"": 0.006445618976, ""z_score"": -3.576347749763, ""empirical_p"": 0.009900990099, ""null_samples"": 100}"
"outputs\canonical_udhr_v0_3_nulls100\es_udhr_es_canonical.json","canonical_udhr_v0_3_nulls100","","","","es","parallel_udhr","udhr","","","","","","","","","grapheme","11965","","","consonant","Alphabetic non-vowel positions under the MVP classifier.","5298","zeta_spectral_coherence","markov_2","0.000235655185","0.000100152625","3.2703324e-05","4.14338804863","4.14338804863","0.009900990099","True","{""name"": ""zeta_spectral_coherence"", ""null_model"": ""markov_2"", ""observed"": 0.000235655185, ""null_mean"": 0.000100152625, ""null_std"": 3.2703324e-05, ""z_score"": 4.14338804863, ""empirical_p"": 0.009900990099, ""null_samples"": 100}"
"outputs\canonical_udhr_v0_3_nulls100\es_udhr_es_canonical.json","canonical_udhr_v0_3_nulls100","","","","es","parallel_udhr","udhr","","","","","","","","","grapheme","11965","","","whitespace","Whitespace positions.","1926","gap_entropy","markov_2","3.452659044359","3.622689135598","0.03063115411","-5.550887525361","5.550887525361","0.009900990099","True","{""name"": ""gap_entropy"", ""null_model"": ""markov_2"", ""observed"": 3.452659044359, ""null_mean"": 3.622689135598, ""null_std"": 0.03063115411, ""z_score"": -5.550887525361, ""empirical_p"": 0.009900990099, ""null_samples"": 100}"
"outputs\canonical_udhr_v0_3_nulls100\es_udhr_es_canonical.json","canonical_udhr_v0_3_nulls100","","","","es","parallel_udhr","udhr","","","","","","","","","grapheme","11965","","","whitespace","Whitespace positions.","1926","run_entropy","markov_2","2.462135547476","2.547716107457","0.020615719302","-4.151228425632","4.151228425632","0.009900990099","True","{""name"": ""run_entropy"", ""null_model"": ""markov_2"", ""observed"": 2.462135547476, ""null_mean"": 2.547716107457, ""null_std"": 0.020615719302, ""z_score"": -4.151228425632, ""empirical_p"": 0.009900990099, ""null_samples"": 100}"
"outputs\canonical_udhr_v0_3_nulls100\es_udhr_es_canonical.json","canonical_udhr_v0_3_nulls100","","","","es","parallel_udhr","udhr","","","","","","","","","grapheme_class","11965","","","vowel","Positions classified as vowel in the grapheme-class stream.","4482","prime_gap_affinity","markov_2","0.750055791118","0.773249702832","0.005817343868","-3.987027798075","3.987027798075","0.009900990099","True","{""name"": ""prime_gap_affinity"", ""null_model"": ""markov_2"", ""observed"": 0.750055791118, ""null_mean"": 0.773249702832, ""null_std"": 0.005817343868, ""z_score"": -3.987027798075, ""empirical_p"": 0.009900990099, ""null_samples"": 100}"
"outputs\canonical_udhr_v0_3_nulls100\es_udhr_es_canonical.json","canonical_udhr_v0_3_nulls100","","","","es","parallel_udhr","udhr","","","","","","","","","grapheme_class","11965","","","consonant","Positions classified as consonant in the grapheme-class stream.","5298","zeta_spectral_coherence","markov_2","0.000235655185","9.6389658e-05","3.0215366e-05","4.609096089183","4.609096089183","0.009900990099","True","{""name"": ""zeta_spectral_coherence"", ""null_model"": ""markov_2"", ""observed"": 0.000235655185, ""null_mean"": 9.6389658e-05, ""null_std"": 3.0215366e-05, ""z_score"": 4.609096089183, ""empirical_p"": 0.009900990099, ""null_samples"": 100}"
"outputs\canonical_udhr_v0_3_nulls100\es_udhr_es_canonical.json","canonical_udhr_v0_3_nulls100","","","","es","parallel_udhr","udhr","","","","","","","","","grapheme_class","11965","","","digit","Positions classified as digit in the grapheme-class stream.","60","zeta_spectral_coherence","markov_2","2.8292142e-05","5.51865e-06","5.017417e-06","4.538887989789","4.538887989789","0.019801980198","True","{""name"": ""zeta_spectral_coherence"", ""null_model"": ""markov_2"", ""observed"": 2.8292142e-05, ""null_mean"": 5.51865e-06, ""null_std"": 5.017417e-06, ""z_score"": 4.538887989789, ""empirical_p"": 0.019801980198, ""null_samples"": 100}"
"outputs\canonical_udhr_v0_3_nulls100\es_udhr_es_canonical.json","canonical_udhr_v0_3_nulls100","","","","es","parallel_udhr","udhr","","","","","","","","","grapheme_class","11965","","","whitespace","Positions classified as whitespace in the grapheme-class stream.","1926","gap_entropy","markov_2","3.452659044359","3.624087260452","0.031631727408","-5.419502194239","5.419502194239","0.009900990099","True","{""name"": ""gap_entropy"", ""null_model"": ""markov_2"", ""observed"": 3.452659044359, ""null_mean"": 3.624087260452, ""null_std"": 0.031631727408, ""z_score"": -5.419502194239, ""empirical_p"": 0.009900990099, ""null_samples"": 100}"
"outputs\canonical_udhr_v0_3_nulls100\es_udhr_es_canonical.json","canonical_udhr_v0_3_nulls100","","","","es","parallel_udhr","udhr","","","","","","","","","grapheme_class","11965","","","whitespace","Positions classified as whitespace in the grapheme-class stream.","1926","run_entropy","markov_2","2.462135547476","2.546860662728","0.020653533295","-4.102209246389","4.102209246389","0.009900990099","True","{""name"": ""run_entropy"", ""null_model"": ""markov_2"", ""observed"": 2.462135547476, ""null_mean"": 2.546860662728, ""null_std"": 0.020653533295, ""z_score"": -4.102209246389, ""empirical_p"": 0.009900990099, ""null_samples"": 100}"
"outputs\canonical_udhr_v0_3_nulls100\es_udhr_es_canonical.json","canonical_udhr_v0_3_nulls100","","","","es","parallel_udhr","udhr","","","","","","","","","word_boundary","11965","","","word_boundary","Positions marked as word boundaries after declared whitespace preprocessing.","1926","gap_entropy","markov_2","3.452659044359","3.630612581264","0.03117398689","-5.708398400678","5.708398400678","0.009900990099","True","{""name"": ""gap_entropy"", ""null_model"": ""markov_2"", ""observed"": 3.452659044359, ""null_mean"": 3.630612581264, ""null_std"": 0.03117398689, ""z_score"": -5.708398400678, ""empirical_p"": 0.009900990099, ""null_samples"": 100}"
"outputs\canonical_udhr_v0_3_nulls100\es_udhr_es_canonical.json","canonical_udhr_v0_3_nulls100","","","","es","parallel_udhr","udhr","","","","","","","","","word_boundary","11965","","","word_boundary","Positions marked as word boundaries after declared whitespace preprocessing.","1926","run_entropy","markov_2","2.462135547476","2.551548609017","0.018799725039","-4.756083472282","4.756083472282","0.009900990099","True","{""name"": ""run_entropy"", ""null_model"": ""markov_2"", ""observed"": 2.462135547476, ""null_mean"": 2.551548609017, ""null_std"": 0.018799725039, ""z_score"": -4.756083472282, ""empirical_p"": 0.009900990099, ""null_samples"": 100}"
"outputs\canonical_udhr_v0_3_nulls100\fr_udhr_fr_canonical.json","canonical_udhr_v0_3_nulls100","","","","fr","parallel_udhr","udhr","","","","","","","","","grapheme","11902","","","vowel","Basic Latin-vowel positions plus common accented vowels.","4330","prime_gap_affinity","markov_2","0.657426657427","0.680770939228","0.006458482827","-3.614514805781","3.614514805781","0.009900990099","True","{""name"": ""prime_gap_affinity"", ""null_model"": ""markov_2"", ""observed"": 0.657426657427, ""null_mean"": 0.680770939228, ""null_std"": 0.006458482827, ""z_score"": -3.614514805781, ""empirical_p"": 0.009900990099, ""null_samples"": 100}"
"outputs\canonical_udhr_v0_3_nulls100\fr_udhr_fr_canonical.json","canonical_udhr_v0_3_nulls100","","","","fr","parallel_udhr","udhr","","","","","","","","","grapheme","11902","","","consonant","Alphabetic non-vowel positions under the MVP classifier.","5295","zeta_spectral_coherence","markov_2","0.000203775234","0.000101278428","2.9919644e-05","3.425736207798","3.425736207798","0.009900990099","True","{""name"": ""zeta_spectral_coherence"", ""null_model"": ""markov_2"", ""observed"": 0.000203775234, ""null_mean"": 0.000101278428, ""null_std"": 2.9919644e-05, ""z_score"": 3.425736207798, ""empirical_p"": 0.009900990099, ""null_samples"": 100}"
"outputs\canonical_udhr_v0_3_nulls100\fr_udhr_fr_canonical.json","canonical_udhr_v0_3_nulls100","","","","fr","parallel_udhr","udhr","","","","","","","","","grapheme_class","11902","","","vowel","Positions classified as vowel in the grapheme-class stream.","4330","prime_gap_affinity","markov_2","0.657426657427","0.681310182769","0.005908477845","-4.042246745631","4.042246745631","0.009900990099","True","{""name"": ""prime_gap_affinity"", ""null_model"": ""markov_2"", ""observed"": 0.657426657427, ""null_mean"": 0.681310182769, ""null_std"": 0.005908477845, ""z_score"": -4.042246745631, ""empirical_p"": 0.009900990099, ""null_samples"": 100}"
"outputs\canonical_udhr_v0_3_nulls100\fr_udhr_fr_canonical.json","canonical_udhr_v0_3_nulls100","","","","fr","parallel_udhr","udhr","","","","","","","","","grapheme_class","11902","","","consonant","Positions classified as consonant in the grapheme-class stream.","5295","zeta_spectral_coherence","markov_2","0.000203775234","0.000102392362","3.2839287e-05","3.087243393918","3.087243393918","0.009900990099","True","{""name"": ""zeta_spectral_coherence"", ""null_model"": ""markov_2"", ""observed"": 0.000203775234, ""null_mean"": 0.000102392362, ""null_std"": 3.2839287e-05, ""z_score"": 3.087243393918, ""empirical_p"": 0.009900990099, ""null_samples"": 100}"
"outputs\canonical_udhr_v0_3_nulls100\he_udhr_he_canonical.json","canonical_udhr_v0_3_nulls100","","","","he","parallel_udhr","udhr","","","","","","","","","grapheme","5572","","","consonant","Alphabetic non-vowel positions under the MVP classifier.","4383","run_entropy","markov_2","2.498481615744","2.611016644898","0.027468302646","-4.096905098418","4.096905098418","0.009900990099","True","{""name"": ""run_entropy"", ""null_model"": ""markov_2"", ""observed"": 2.498481615744, ""null_mean"": 2.611016644898, ""null_std"": 0.027468302646, ""z_score"": -4.096905098418, ""empirical_p"": 0.009900990099, ""null_samples"": 100}"
"outputs\canonical_udhr_v0_3_nulls100\he_udhr_he_canonical.json","canonical_udhr_v0_3_nulls100","","","","he","parallel_udhr","udhr","","","","","","","","","grapheme","5572","","","whitespace","Whitespace positions.","1004","gap_entropy","markov_2","2.874069889037","3.108613316982","0.045459515063","-5.159391331353","5.159391331353","0.009900990099","True","{""name"": ""gap_entropy"", ""null_model"": ""markov_2"", ""observed"": 2.874069889037, ""null_mean"": 3.108613316982, ""null_std"": 0.045459515063, ""z_score"": -5.159391331353, ""empirical_p"": 0.009900990099, ""null_samples"": 100}"
"outputs\canonical_udhr_v0_3_nulls100\he_udhr_he_canonical.json","canonical_udhr_v0_3_nulls100","","","","he","parallel_udhr","udhr","","","","","","","","","grapheme","5572","","","whitespace","Whitespace positions.","1004","run_entropy","markov_2","2.386781515828","2.505001504401","0.022284902033","-5.304936427269","5.304936427269","0.009900990099","True","{""name"": ""run_entropy"", ""null_model"": ""markov_2"", ""observed"": 2.386781515828, ""null_mean"": 2.505001504401, ""null_std"": 0.022284902033, ""z_score"": -5.304936427269, ""empirical_p"": 0.009900990099, ""null_samples"": 100}"
"outputs\canonical_udhr_v0_3_nulls100\he_udhr_he_canonical.json","canonical_udhr_v0_3_nulls100","","","","he","parallel_udhr","udhr","","","","","","","","","grapheme_class","5572","","","consonant","Positions classified as consonant in the grapheme-class stream.","4383","run_entropy","markov_2","2.498481615744","2.613198643806","0.0265509773","-4.320632975853","4.320632975853","0.009900990099","True","{""name"": ""run_entropy"", ""null_model"": ""markov_2"", ""observed"": 2.498481615744, ""null_mean"": 2.613198643806, ""null_std"": 0.0265509773, ""z_score"": -4.320632975853, ""empirical_p"": 0.009900990099, ""null_samples"": 100}"
"outputs\canonical_udhr_v0_3_nulls100\he_udhr_he_canonical.json","canonical_udhr_v0_3_nulls100","","","","he","parallel_udhr","udhr","","","","","","","","","grapheme_class","5572","","","whitespace","Positions classified as whitespace in the grapheme-class stream.","1004","gap_entropy","markov_2","2.874069889037","3.103819720603","0.051417236958","-4.468342625097","4.468342625097","0.009900990099","True","{""name"": ""gap_entropy"", ""null_model"": ""markov_2"", ""observed"": 2.874069889037, ""null_mean"": 3.103819720603, ""null_std"": 0.051417236958, ""z_score"": -4.468342625097, ""empirical_p"": 0.009900990099, ""null_samples"": 100}"
"outputs\canonical_udhr_v0_3_nulls100\he_udhr_he_canonical.json","canonical_udhr_v0_3_nulls100","","","","he","parallel_udhr","udhr","","","","","","","","","grapheme_class","5572","","","whitespace","Positions classified as whitespace in the grapheme-class stream.","1004","run_entropy","markov_2","2.386781515828","2.501068928051","0.02435549437","-4.692469407069","4.692469407069","0.009900990099","True","{""name"": ""run_entropy"", ""null_model"": ""markov_2"", ""observed"": 2.386781515828, ""null_mean"": 2.501068928051, ""null_std"": 0.02435549437, ""z_score"": -4.692469407069, ""empirical_p"": 0.009900990099, ""null_samples"": 100}"
"outputs\canonical_udhr_v0_3_nulls100\he_udhr_he_canonical.json","canonical_udhr_v0_3_nulls100","","","","he","parallel_udhr","udhr","","","","","","","","","word_boundary","5572","","","word_boundary","Positions marked as word boundaries after declared whitespace preprocessing.","1004","gap_entropy","markov_2","2.874069889037","3.110623226419","0.047174977851","-5.01438152505","5.01438152505","0.009900990099","True","{""name"": ""gap_entropy"", ""null_model"": ""markov_2"", ""observed"": 2.874069889037, ""null_mean"": 3.110623226419, ""null_std"": 0.047174977851, ""z_score"": -5.01438152505, ""empirical_p"": 0.009900990099, ""null_samples"": 100}"
"outputs\canonical_udhr_v0_3_nulls100\he_udhr_he_canonical.json","canonical_udhr_v0_3_nulls100","","","","he","parallel_udhr","udhr","","","","","","","","","word_boundary","5572","","","word_boundary","Positions marked as word boundaries after declared whitespace preprocessing.","1004","run_entropy","markov_2","2.386781515828","2.504731892026","0.024637745485","-4.787385122923","4.787385122923","0.009900990099","True","{""name"": ""run_entropy"", ""null_model"": ""markov_2"", ""observed"": 2.386781515828, ""null_mean"": 2.504731892026, ""null_std"": 0.024637745485, ""z_score"": -4.787385122923, ""empirical_p"": 0.009900990099, ""null_samples"": 100}"
"outputs\canonical_udhr_v0_3_nulls100\is_udhr_is_canonical.json","canonical_udhr_v0_3_nulls100","","","","is","parallel_udhr","udhr","","","","","","","","","grapheme","9967","","","vowel","Basic Latin-vowel positions plus common accented vowels.","2987","prime_gap_affinity","markov_2","0.678834561286","0.714362599185","0.00758380987","-4.684721598906","4.684721598906","0.009900990099","True","{""name"": ""prime_gap_affinity"", ""null_model"": ""markov_2"", ""observed"": 0.678834561286, ""null_mean"": 0.714362599185, ""null_std"": 0.00758380987, ""z_score"": -4.684721598906, ""empirical_p"": 0.009900990099, ""null_samples"": 100}"
"outputs\canonical_udhr_v0_3_nulls100\is_udhr_is_canonical.json","canonical_udhr_v0_3_nulls100","","","","is","parallel_udhr","udhr","","","","","","","","","grapheme","9967","","","punctuation","Punctuation positions under the declared punctuation/hyphen policies.","291","gap_entropy","markov_2","5.647520835863","6.044662548816","0.064412285072","-6.165620618976","6.165620618976","0.009900990099","True","{""name"": ""gap_entropy"", ""null_model"": ""markov_2"", ""observed"": 5.647520835863, ""null_mean"": 6.044662548816, ""null_std"": 0.064412285072, ""z_score"": -6.165620618976, ""empirical_p"": 0.009900990099, ""null_samples"": 100}"
"outputs\canonical_udhr_v0_3_nulls100\is_udhr_is_canonical.json","canonical_udhr_v0_3_nulls100","","","","is","parallel_udhr","udhr","","","","","","","","","grapheme","9967","","","punctuation","Punctuation positions under the declared punctuation/hyphen policies.","291","run_entropy","markov_2","3.829374211288","4.02785717601","0.033016458949","-6.011636954364","6.011636954364","0.009900990099","True","{""name"": ""run_entropy"", ""null_model"": ""markov_2"", ""observed"": 3.829374211288, ""null_mean"": 4.02785717601, ""null_std"": 0.033016458949, ""z_score"": -6.011636954364, ""empirical_p"": 0.009900990099, ""null_samples"": 100}"
"outputs\canonical_udhr_v0_3_nulls100\is_udhr_is_canonical.json","canonical_udhr_v0_3_nulls100","","","","is","parallel_udhr","udhr","","","","","","","","","grapheme","9967","","","punctuation","Punctuation positions under the declared punctuation/hyphen policies.","291","prime_gap_affinity","markov_2","0.403448275862","0.298118972827","0.027518038942","3.827645685664","3.827645685664","0.009900990099","True","{""name"": ""prime_gap_affinity"", ""null_model"": ""markov_2"", ""observed"": 0.403448275862, ""null_mean"": 0.298118972827, ""null_std"": 0.027518038942, ""z_score"": 3.827645685664, ""empirical_p"": 0.009900990099, ""null_samples"": 100}"
"outputs\canonical_udhr_v0_3_nulls100\is_udhr_is_canonical.json","canonical_udhr_v0_3_nulls100","","","","is","parallel_udhr","udhr","","","","","","","","","grapheme","9967","","","digit","ASCII digit positions.","80","run_entropy","markov_2","4.023530710813","4.317345131269","0.083267317891","-3.528568325442","3.528568325442","0.009900990099","True","{""name"": ""run_entropy"", ""null_model"": ""markov_2"", ""observed"": 4.023530710813, ""null_mean"": 4.317345131269, ""null_std"": 0.083267317891, ""z_score"": -3.528568325442, ""empirical_p"": 0.009900990099, ""null_samples"": 100}"
"outputs\canonical_udhr_v0_3_nulls100\is_udhr_is_canonical.json","canonical_udhr_v0_3_nulls100","","","","is","parallel_udhr","udhr","","","","","","","","","grapheme_class","9967","","","vowel","Positions classified as vowel in the grapheme-class stream.","2987","prime_gap_affinity","markov_2","0.678834561286","0.714644425057","0.0086019261","-4.163005279876","4.163005279876","0.009900990099","True","{""name"": ""prime_gap_affinity"", ""null_model"": ""markov_2"", ""observed"": 0.678834561286, ""null_mean"": 0.714644425057, ""null_std"": 0.0086019261, ""z_score"": -4.163005279876, ""empirical_p"": 0.009900990099, ""null_samples"": 100}"
"outputs\canonical_udhr_v0_3_nulls100\is_udhr_is_canonical.json","canonical_udhr_v0_3_nulls100","","","","is","parallel_udhr","udhr","","","","","","","","","grapheme_class","9967","","","digit","Positions classified as digit in the grapheme-class stream.","80","run_entropy","markov_2","4.023530710813","4.316864533546","0.085483459209","-3.431468794625","3.431468794625","0.009900990099","True","{""name"": ""run_entropy"", ""null_model"": ""markov_2"", ""observed"": 4.023530710813, ""null_mean"": 4.316864533546, ""null_std"": 0.085483459209, ""z_score"": -3.431468794625, ""empirical_p"": 0.009900990099, ""null_samples"": 100}"
"outputs\canonical_udhr_v0_3_nulls100\is_udhr_is_canonical.json","canonical_udhr_v0_3_nulls100","","","","is","parallel_udhr","udhr","","","","","","","","","grapheme_class","9967","","","punctuation","Positions classified as punctuation in the grapheme-class stream.","291","gap_entropy","markov_2","5.647520835863","6.027414498054","0.062980091608","-6.03196426828","6.03196426828","0.009900990099","True","{""name"": ""gap_entropy"", ""null_model"": ""markov_2"", ""observed"": 5.647520835863, ""null_mean"": 6.027414498054, ""null_std"": 0.062980091608, ""z_score"": -6.03196426828, ""empirical_p"": 0.009900990099, ""null_samples"": 100}"
"outputs\canonical_udhr_v0_3_nulls100\is_udhr_is_canonical.json","canonical_udhr_v0_3_nulls100","","","","is","parallel_udhr","udhr","","","","","","","","","grapheme_class","9967","","","punctuation","Positions classified as punctuation in the grapheme-class stream.","291","run_entropy","markov_2","3.829374211288","4.018942166295","0.031190386235","-6.077768757841","6.077768757841","0.009900990099","True","{""name"": ""run_entropy"", ""null_model"": ""markov_2"", ""observed"": 3.829374211288, ""null_mean"": 4.018942166295, ""null_std"": 0.031190386235, ""z_score"": -6.077768757841, ""empirical_p"": 0.009900990099, ""null_samples"": 100}"
"outputs\canonical_udhr_v0_3_nulls100\is_udhr_is_canonical.json","canonical_udhr_v0_3_nulls100","","","","is","parallel_udhr","udhr","","","","","","","","","grapheme_class","9967","","","punctuation","Positions classified as punctuation in the grapheme-class stream.","291","prime_gap_affinity","markov_2","0.403448275862","0.299513219012","0.026381618748","3.939677009279","3.939677009279","0.009900990099","True","{""name"": ""prime_gap_affinity"", ""null_model"": ""markov_2"", ""observed"": 0.403448275862, ""null_mean"": 0.299513219012, ""null_std"": 0.026381618748, ""z_score"": 3.939677009279, ""empirical_p"": 0.009900990099, ""null_samples"": 100}"
"outputs\canonical_udhr_v0_3_nulls100\ja_udhr_ja_canonical.json","canonical_udhr_v0_3_nulls100","","","","ja","parallel_udhr","udhr","","","","","","","","","grapheme","4183","","","consonant","Alphabetic non-vowel positions under the MVP classifier.","3759","zeta_spectral_coherence","markov_2","0.001159095428","0.000268014421","0.000134569018","6.621739669274","6.621739669274","0.009900990099","True","{""name"": ""zeta_spectral_coherence"", ""null_model"": ""markov_2"", ""observed"": 0.001159095428, ""null_mean"": 0.000268014421, ""null_std"": 0.000134569018, ""z_score"": 6.621739669274, ""empirical_p"": 0.009900990099, ""null_samples"": 100}"
"outputs\canonical_udhr_v0_3_nulls100\ja_udhr_ja_canonical.json","canonical_udhr_v0_3_nulls100","","","","ja","parallel_udhr","udhr","","","","","","","","","grapheme","4183","","","whitespace","Whitespace positions.","91","gap_entropy","markov_2","4.770725506002","5.676264392772","0.083385930557","-10.859612415711","10.859612415711","0.009900990099","True","{""name"": ""gap_entropy"", ""null_model"": ""markov_2"", ""observed"": 4.770725506002, ""null_mean"": 5.676264392772, ""null_std"": 0.083385930557, ""z_score"": -10.859612415711, ""empirical_p"": 0.009900990099, ""null_samples"": 100}"
"outputs\canonical_udhr_v0_3_nulls100\ja_udhr_ja_canonical.json","canonical_udhr_v0_3_nulls100","","","","ja","parallel_udhr","udhr","","","","","","","","","grapheme","4183","","","whitespace","Whitespace positions.","91","run_entropy","markov_2","3.433127185893","3.861212638906","0.041581038259","-10.295208367559","10.295208367559","0.009900990099","True","{""name"": ""run_entropy"", ""null_model"": ""markov_2"", ""observed"": 3.433127185893, ""null_mean"": 3.861212638906, ""null_std"": 0.041581038259, ""z_score"": -10.295208367559, ""empirical_p"": 0.009900990099, ""null_samples"": 100}"
"outputs\canonical_udhr_v0_3_nulls100\ja_udhr_ja_canonical.json","canonical_udhr_v0_3_nulls100","","","","ja","parallel_udhr","udhr","","","","","","","","","grapheme","4183","","","digit","ASCII digit positions.","50","zeta_spectral_coherence","markov_2","0.000358151011","5.3074831e-05","6.7018012e-05","4.552152057928","4.552152057928","0.019801980198","True","{""name"": ""zeta_spectral_coherence"", ""null_model"": ""markov_2"", ""observed"": 0.000358151011, ""null_mean"": 5.3074831e-05, ""null_std"": 6.7018012e-05, ""z_score"": 4.552152057928, ""empirical_p"": 0.019801980198, ""null_samples"": 100}"
"outputs\canonical_udhr_v0_3_nulls100\ja_udhr_ja_canonical.json","canonical_udhr_v0_3_nulls100","","","","ja","parallel_udhr","udhr","","","","","","","","","grapheme_class","4183","","","consonant","Positions classified as consonant in the grapheme-class stream.","3759","zeta_spectral_coherence","markov_2","0.001159095428","0.000273083035","0.000132675206","6.678055507119","6.678055507119","0.009900990099","True","{""name"": ""zeta_spectral_coherence"", ""null_model"": ""markov_2"", ""observed"": 0.001159095428, ""null_mean"": 0.000273083035, ""null_std"": 0.000132675206, ""z_score"": 6.678055507119, ""empirical_p"": 0.009900990099, ""null_samples"": 100}"
"outputs\canonical_udhr_v0_3_nulls100\ja_udhr_ja_canonical.json","canonical_udhr_v0_3_nulls100","","","","ja","parallel_udhr","udhr","","","","","","","","","grapheme_class","4183","","","digit","Positions classified as digit in the grapheme-class stream.","50","zeta_spectral_coherence","markov_2","0.000358151011","4.9874077e-05","5.2250526e-05","5.899977576058","5.899977576058","0.009900990099","True","{""name"": ""zeta_spectral_coherence"", ""null_model"": ""markov_2"", ""observed"": 0.000358151011, ""null_mean"": 4.9874077e-05, ""null_std"": 5.2250526e-05, ""z_score"": 5.899977576058, ""empirical_p"": 0.009900990099, ""null_samples"": 100}"
"outputs\canonical_udhr_v0_3_nulls100\ja_udhr_ja_canonical.json","canonical_udhr_v0_3_nulls100","","","","ja","parallel_udhr","udhr","","","","","","","","","grapheme_class","4183","","","whitespace","Positions classified as whitespace in the grapheme-class stream.","91","gap_entropy","markov_2","4.770725506002","5.681834272413","0.092885356795","-9.808960183226","9.808960183226","0.009900990099","True","{""name"": ""gap_entropy"", ""null_model"": ""markov_2"", ""observed"": 4.770725506002, ""null_mean"": 5.681834272413, ""null_std"": 0.092885356795, ""z_score"": -9.808960183226, ""empirical_p"": 0.009900990099, ""null_samples"": 100}"
"outputs\canonical_udhr_v0_3_nulls100\ja_udhr_ja_canonical.json","canonical_udhr_v0_3_nulls100","","","","ja","parallel_udhr","udhr","","","","","","","","","grapheme_class","4183","","","whitespace","Positions classified as whitespace in the grapheme-class stream.","91","run_entropy","markov_2","3.433127185893","3.860439702721","0.048648279768","-8.783712782113","8.783712782113","0.009900990099","True","{""name"": ""run_entropy"", ""null_model"": ""markov_2"", ""observed"": 3.433127185893, ""null_mean"": 3.860439702721, ""null_std"": 0.048648279768, ""z_score"": -8.783712782113, ""empirical_p"": 0.009900990099, ""null_samples"": 100}"
"outputs\canonical_udhr_v0_3_nulls100\ja_udhr_ja_canonical.json","canonical_udhr_v0_3_nulls100","","","","ja","parallel_udhr","udhr","","","","","","","","","grapheme_class","4183","","","other","Positions classified as other in the grapheme-class stream.","17","zeta_spectral_coherence","markov_2","0.000400772802","6.997224e-06","8.550674e-06","46.051994170624","46.051994170624","0.009900990099","True","{""name"": ""zeta_spectral_coherence"", ""null_model"": ""markov_2"", ""observed"": 0.000400772802, ""null_mean"": 6.997224e-06, ""null_std"": 8.550674e-06, ""z_score"": 46.051994170624, ""empirical_p"": 0.009900990099, ""null_samples"": 100}"
"outputs\canonical_udhr_v0_3_nulls100\ja_udhr_ja_canonical.json","canonical_udhr_v0_3_nulls100","","","","ja","parallel_udhr","udhr","","","","","","","","","grapheme_class","4183","","","other","Positions classified as other in the grapheme-class stream.","17","critical_line_symmetry","markov_2","0.936599728274","0.712038312725","0.067202690396","3.341553950073","3.341553950073","0.009900990099","True","{""name"": ""critical_line_symmetry"", ""null_model"": ""markov_2"", ""observed"": 0.936599728274, ""null_mean"": 0.712038312725, ""null_std"": 0.067202690396, ""z_score"": 3.341553950073, ""empirical_p"": 0.009900990099, ""null_samples"": 100}"
"outputs\canonical_udhr_v0_3_nulls100\ja_udhr_ja_canonical.json","canonical_udhr_v0_3_nulls100","","","","ja","parallel_udhr","udhr","","","","","","","","","word_boundary","4183","","","word_boundary","Positions marked as word boundaries after declared whitespace preprocessing.","91","gap_entropy","markov_2","4.770725506002","5.681572311325","0.089694172096","-10.155027735209","10.155027735209","0.009900990099","True","{""name"": ""gap_entropy"", ""null_model"": ""markov_2"", ""observed"": 4.770725506002, ""null_mean"": 5.681572311325, ""null_std"": 0.089694172096, ""z_score"": -10.155027735209, ""empirical_p"": 0.009900990099, ""null_samples"": 100}"
"outputs\canonical_udhr_v0_3_nulls100\ja_udhr_ja_canonical.json","canonical_udhr_v0_3_nulls100","","","","ja","parallel_udhr","udhr","","","","","","","","","word_boundary","4183","","","word_boundary","Positions marked as word boundaries after declared whitespace preprocessing.","91","run_entropy","markov_2","3.433127185893","3.861634379046","0.043754396824","-9.79346589725","9.79346589725","0.009900990099","True","{""name"": ""run_entropy"", ""null_model"": ""markov_2"", ""observed"": 3.433127185893, ""null_mean"": 3.861634379046, ""null_std"": 0.043754396824, ""z_score"": -9.79346589725, ""empirical_p"": 0.009900990099, ""null_samples"": 100}"
"outputs\canonical_udhr_v0_3_nulls100\la_udhr_la_canonical.json","canonical_udhr_v0_3_nulls100","","","","la","parallel_udhr","udhr","","","","","","","","","grapheme","9937","","","vowel","Basic Latin-vowel positions plus common accented vowels.","3948","prime_gap_affinity","markov_2","0.679250063339","0.705426639402","0.00670301933","-3.905191791012","3.905191791012","0.009900990099","True","{""name"": ""prime_gap_affinity"", ""null_model"": ""markov_2"", ""observed"": 0.679250063339, ""null_mean"": 0.705426639402, ""null_std"": 0.00670301933, ""z_score"": -3.905191791012, ""empirical_p"": 0.009900990099, ""null_samples"": 100}"
"outputs\canonical_udhr_v0_3_nulls100\la_udhr_la_canonical.json","canonical_udhr_v0_3_nulls100","","","","la","parallel_udhr","udhr","","","","","","","","","grapheme","9937","","","whitespace","Whitespace positions.","1342","gap_entropy","markov_2","3.529656578477","3.747623741533","0.042394211003","-5.141436953286","5.141436953286","0.009900990099","True","{""name"": ""gap_entropy"", ""null_model"": ""markov_2"", ""observed"": 3.529656578477, ""null_mean"": 3.747623741533, ""null_std"": 0.042394211003, ""z_score"": -5.141436953286, ""empirical_p"": 0.009900990099, ""null_samples"": 100}"
"outputs\canonical_udhr_v0_3_nulls100\la_udhr_la_canonical.json","canonical_udhr_v0_3_nulls100","","","","la","parallel_udhr","udhr","","","","","","","","","grapheme","9937","","","whitespace","Whitespace positions.","1342","run_entropy","markov_2","2.744377629722","2.852854448548","0.01959497313","-5.535951394694","5.535951394694","0.009900990099","True","{""name"": ""run_entropy"", ""null_model"": ""markov_2"", ""observed"": 2.744377629722, ""null_mean"": 2.852854448548, ""null_std"": 0.01959497313, ""z_score"": -5.535951394694, ""empirical_p"": 0.009900990099, ""null_samples"": 100}"
"outputs\canonical_udhr_v0_3_nulls100\la_udhr_la_canonical.json","canonical_udhr_v0_3_nulls100","","","","la","parallel_udhr","udhr","","","","","","","","","grapheme_class","9937","","","vowel","Positions classified as vowel in the grapheme-class stream.","3948","prime_gap_affinity","markov_2","0.679250063339","0.705090654358","0.006879810605","-3.756003253901","3.756003253901","0.009900990099","True","{""name"": ""prime_gap_affinity"", ""null_model"": ""markov_2"", ""observed"": 0.679250063339, ""null_mean"": 0.705090654358, ""null_std"": 0.006879810605, ""z_score"": -3.756003253901, ""empirical_p"": 0.009900990099, ""null_samples"": 100}"
"outputs\canonical_udhr_v0_3_nulls100\la_udhr_la_canonical.json","canonical_udhr_v0_3_nulls100","","","","la","parallel_udhr","udhr","","","","","","","","","grapheme_class","9937","","","whitespace","Positions classified as whitespace in the grapheme-class stream.","1342","gap_entropy","markov_2","3.529656578477","3.741528750135","0.039507662438","-5.362812137798","5.362812137798","0.009900990099","True","{""name"": ""gap_entropy"", ""null_model"": ""markov_2"", ""observed"": 3.529656578477, ""null_mean"": 3.741528750135, ""null_std"": 0.039507662438, ""z_score"": -5.362812137798, ""empirical_p"": 0.009900990099, ""null_samples"": 100}"
"outputs\canonical_udhr_v0_3_nulls100\la_udhr_la_canonical.json","canonical_udhr_v0_3_nulls100","","","","la","parallel_udhr","udhr","","","","","","","","","grapheme_class","9937","","","whitespace","Positions classified as whitespace in the grapheme-class stream.","1342","run_entropy","markov_2","2.744377629722","2.849170043271","0.020054619569","-5.225350358133","5.225350358133","0.009900990099","True","{""name"": ""run_entropy"", ""null_model"": ""markov_2"", ""observed"": 2.744377629722, ""null_mean"": 2.849170043271, ""null_std"": 0.020054619569, ""z_score"": -5.225350358133, ""empirical_p"": 0.009900990099, ""null_samples"": 100}"
"outputs\canonical_udhr_v0_3_nulls100\la_udhr_la_canonical.json","canonical_udhr_v0_3_nulls100","","","","la","parallel_udhr","udhr","","","","","","","","","word_boundary","9937","","","word_boundary","Positions marked as word boundaries after declared whitespace preprocessing.","1342","gap_entropy","markov_2","3.529656578477","3.749132058264","0.039929159666","-5.496621557387","5.496621557387","0.009900990099","True","{""name"": ""gap_entropy"", ""null_model"": ""markov_2"", ""observed"": 3.529656578477, ""null_mean"": 3.749132058264, ""null_std"": 0.039929159666, ""z_score"": -5.496621557387, ""empirical_p"": 0.009900990099, ""null_samples"": 100}"
"outputs\canonical_udhr_v0_3_nulls100\la_udhr_la_canonical.json","canonical_udhr_v0_3_nulls100","","","","la","parallel_udhr","udhr","","","","","","","","","word_boundary","9937","","","word_boundary","Positions marked as word boundaries after declared whitespace preprocessing.","1342","run_entropy","markov_2","2.744377629722","2.854449070698","0.018309188811","-6.011814183198","6.011814183198","0.009900990099","True","{""name"": ""run_entropy"", ""null_model"": ""markov_2"", ""observed"": 2.744377629722, ""null_mean"": 2.854449070698, ""null_std"": 0.018309188811, ""z_score"": -6.011814183198, ""empirical_p"": 0.009900990099, ""null_samples"": 100}"
"outputs\canonical_udhr_v0_3_nulls100\ru_udhr_ru_canonical.json","canonical_udhr_v0_3_nulls100","","","","ru","parallel_udhr","udhr","","","","","","","","","grapheme","5419","","","vowel","Basic Latin-vowel positions plus common accented vowels.","3","zeta_spectral_coherence","markov_2","2.1031467e-05","1.234408e-06","3.660635e-06","5.408093669261","5.408093669261","0.019801980198","True","{""name"": ""zeta_spectral_coherence"", ""null_model"": ""markov_2"", ""observed"": 2.1031467e-05, ""null_mean"": 1.234408e-06, ""null_std"": 3.660635e-06, ""z_score"": 5.408093669261, ""empirical_p"": 0.019801980198, ""null_samples"": 100}"
"outputs\canonical_udhr_v0_3_nulls100\ru_udhr_ru_canonical.json","canonical_udhr_v0_3_nulls100","","","","ru","parallel_udhr","udhr","","","","","","","","","grapheme","5419","","","whitespace","Whitespace positions.","743","gap_entropy","markov_2","3.782389184278","3.928198473315","0.046322978285","-3.147666545545","3.147666545545","0.009900990099","True","{""name"": ""gap_entropy"", ""null_model"": ""markov_2"", ""observed"": 3.782389184278, ""null_mean"": 3.928198473315, ""null_std"": 0.046322978285, ""z_score"": -3.147666545545, ""empirical_p"": 0.009900990099, ""null_samples"": 100}"
"outputs\canonical_udhr_v0_3_nulls100\ru_udhr_ru_canonical.json","canonical_udhr_v0_3_nulls100","","","","ru","parallel_udhr","udhr","","","","","","","","","grapheme_class","5419","","","vowel","Positions classified as vowel in the grapheme-class stream.","3","zeta_spectral_coherence","markov_2","2.1031467e-05","1.492864e-06","3.502791e-06","5.57801057009","5.57801057009","0.019801980198","True","{""name"": ""zeta_spectral_coherence"", ""null_model"": ""markov_2"", ""observed"": 2.1031467e-05, ""null_mean"": 1.492864e-06, ""null_std"": 3.502791e-06, ""z_score"": 5.57801057009, ""empirical_p"": 0.019801980198, ""null_samples"": 100}"
"outputs\canonical_udhr_v0_3_nulls100\ru_udhr_ru_canonical.json","canonical_udhr_v0_3_nulls100","","","","ru","parallel_udhr","udhr","","","","","","","","","grapheme_class","5419","","","consonant","Positions classified as consonant in the grapheme-class stream.","4535","zeta_spectral_coherence","markov_2","0.000442396031","0.000201453142","7.9051846e-05","3.047909696731","3.047909696731","0.009900990099","True","{""name"": ""zeta_spectral_coherence"", ""null_model"": ""markov_2"", ""observed"": 0.000442396031, ""null_mean"": 0.000201453142, ""null_std"": 7.9051846e-05, ""z_score"": 3.047909696731, ""empirical_p"": 0.009900990099, ""null_samples"": 100}"
"outputs\canonical_udhr_v0_3_nulls100\ru_udhr_ru_canonical.json","canonical_udhr_v0_3_nulls100","","","","ru","parallel_udhr","udhr","","","","","","","","","grapheme_class","5419","","","digit","Positions classified as digit in the grapheme-class stream.","26","zeta_spectral_coherence","markov_2","7.3689635e-05","1.2103004e-05","1.3430817e-05","4.585471717506","4.585471717506","0.029702970297","True","{""name"": ""zeta_spectral_coherence"", ""null_model"": ""markov_2"", ""observed"": 7.3689635e-05, ""null_mean"": 1.2103004e-05, ""null_std"": 1.3430817e-05, ""z_score"": 4.585471717506, ""empirical_p"": 0.029702970297, ""null_samples"": 100}"
"outputs\canonical_udhr_v0_3_nulls100\sw_udhr_sw_canonical.json","canonical_udhr_v0_3_nulls100","","","","sw","parallel_udhr","udhr","","","","","","","","","grapheme","9909","","","punctuation","Punctuation positions under the declared punctuation/hyphen policies.","184","gap_entropy","markov_2","5.949789834141","6.309637166285","0.065466170642","-5.496691323439","5.496691323439","0.009900990099","True","{""name"": ""gap_entropy"", ""null_model"": ""markov_2"", ""observed"": 5.949789834141, ""null_mean"": 6.309637166285, ""null_std"": 0.065466170642, ""z_score"": -5.496691323439, ""empirical_p"": 0.009900990099, ""null_samples"": 100}"
"outputs\canonical_udhr_v0_3_nulls100\sw_udhr_sw_canonical.json","canonical_udhr_v0_3_nulls100","","","","sw","parallel_udhr","udhr","","","","","","","","","grapheme","9909","","","punctuation","Punctuation positions under the declared punctuation/hyphen policies.","184","run_entropy","markov_2","3.990506699365","4.165078854332","0.032864301511","-5.311908269548","5.311908269548","0.009900990099","True","{""name"": ""run_entropy"", ""null_model"": ""markov_2"", ""observed"": 3.990506699365, ""null_mean"": 4.165078854332, ""null_std"": 0.032864301511, ""z_score"": -5.311908269548, ""empirical_p"": 0.009900990099, ""null_samples"": 100}"
"outputs\canonical_udhr_v0_3_nulls100\sw_udhr_sw_canonical.json","canonical_udhr_v0_3_nulls100","","","","sw","parallel_udhr","udhr","","","","","","","","","grapheme_class","9909","","","punctuation","Positions classified as punctuation in the grapheme-class stream.","184","gap_entropy","markov_2","5.949789834141","6.306345518484","0.056159143263","-6.349022859443","6.349022859443","0.009900990099","True","{""name"": ""gap_entropy"", ""null_model"": ""markov_2"", ""observed"": 5.949789834141, ""null_mean"": 6.306345518484, ""null_std"": 0.056159143263, ""z_score"": -6.349022859443, ""empirical_p"": 0.009900990099, ""null_samples"": 100}"
"outputs\canonical_udhr_v0_3_nulls100\sw_udhr_sw_canonical.json","canonical_udhr_v0_3_nulls100","","","","sw","parallel_udhr","udhr","","","","","","","","","grapheme_class","9909","","","punctuation","Positions classified as punctuation in the grapheme-class stream.","184","run_entropy","markov_2","3.990506699365","4.1642082778","0.028754984958","-6.040746628362","6.040746628362","0.009900990099","True","{""name"": ""run_entropy"", ""null_model"": ""markov_2"", ""observed"": 3.990506699365, ""null_mean"": 4.1642082778, ""null_std"": 0.028754984958, ""z_score"": -6.040746628362, ""empirical_p"": 0.009900990099, ""null_samples"": 100}"
"outputs\canonical_udhr_v0_3_nulls100\tr_udhr_tr_canonical.json","canonical_udhr_v0_3_nulls100","","","","tr","parallel_udhr","udhr","","","","","","","","","grapheme","9213","","","whitespace","Whitespace positions.","1241","gap_entropy","markov_2","3.540405948848","3.76706409269","0.044439826757","-5.100338151221","5.100338151221","0.009900990099","True","{""name"": ""gap_entropy"", ""null_model"": ""markov_2"", ""observed"": 3.540405948848, ""null_mean"": 3.76706409269, ""null_std"": 0.044439826757, ""z_score"": -5.100338151221, ""empirical_p"": 0.009900990099, ""null_samples"": 100}"
"outputs\canonical_udhr_v0_3_nulls100\tr_udhr_tr_canonical.json","canonical_udhr_v0_3_nulls100","","","","tr","parallel_udhr","udhr","","","","","","","","","grapheme","9213","","","whitespace","Whitespace positions.","1241","run_entropy","markov_2","2.739702575397","2.852070469799","0.022204865609","-5.060507745534","5.060507745534","0.009900990099","True","{""name"": ""run_entropy"", ""null_model"": ""markov_2"", ""observed"": 2.739702575397, ""null_mean"": 2.852070469799, ""null_std"": 0.022204865609, ""z_score"": -5.060507745534, ""empirical_p"": 0.009900990099, ""null_samples"": 100}"
"outputs\canonical_udhr_v0_3_nulls100\tr_udhr_tr_canonical.json","canonical_udhr_v0_3_nulls100","","","","tr","parallel_udhr","udhr","","","","","","","","","grapheme","9213","","","whitespace","Whitespace positions.","1241","prime_gap_affinity","markov_2","0.388709677419","0.472977057632","0.015053141621","-5.597992919429","5.597992919429","0.009900990099","True","{""name"": ""prime_gap_affinity"", ""null_model"": ""markov_2"", ""observed"": 0.388709677419, ""null_mean"": 0.472977057632, ""null_std"": 0.015053141621, ""z_score"": -5.597992919429, ""empirical_p"": 0.009900990099, ""null_samples"": 100}"
"outputs\canonical_udhr_v0_3_nulls100\tr_udhr_tr_canonical.json","canonical_udhr_v0_3_nulls100","","","","tr","parallel_udhr","udhr","","","","","","","","","grapheme","9213","","","punctuation","Punctuation positions under the declared punctuation/hyphen policies.","187","gap_entropy","markov_2","5.875716492294","6.237830214501","0.06224997163","-5.817090558011","5.817090558011","0.009900990099","True","{""name"": ""gap_entropy"", ""null_model"": ""markov_2"", ""observed"": 5.875716492294, ""null_mean"": 6.237830214501, ""null_std"": 0.06224997163, ""z_score"": -5.817090558011, ""empirical_p"": 0.009900990099, ""null_samples"": 100}"
"outputs\canonical_udhr_v0_3_nulls100\tr_udhr_tr_canonical.json","canonical_udhr_v0_3_nulls100","","","","tr","parallel_udhr","udhr","","","","","","","","","grapheme","9213","","","punctuation","Punctuation positions under the declared punctuation/hyphen policies.","187","run_entropy","markov_2","3.956961357921","4.128964945588","0.030803104967","-5.583969143698","5.583969143698","0.009900990099","True","{""name"": ""run_entropy"", ""null_model"": ""markov_2"", ""observed"": 3.956961357921, ""null_mean"": 4.128964945588, ""null_std"": 0.030803104967, ""z_score"": -5.583969143698, ""empirical_p"": 0.009900990099, ""null_samples"": 100}"
"outputs\canonical_udhr_v0_3_nulls100\tr_udhr_tr_canonical.json","canonical_udhr_v0_3_nulls100","","","","tr","parallel_udhr","udhr","","","","","","","","","grapheme_class","9213","","","whitespace","Positions classified as whitespace in the grapheme-class stream.","1241","gap_entropy","markov_2","3.540405948848","3.757333308914","0.040830500183","-5.312875401878","5.312875401878","0.009900990099","True","{""name"": ""gap_entropy"", ""null_model"": ""markov_2"", ""observed"": 3.540405948848, ""null_mean"": 3.757333308914, ""null_std"": 0.040830500183, ""z_score"": -5.312875401878, ""empirical_p"": 0.009900990099, ""null_samples"": 100}"
"outputs\canonical_udhr_v0_3_nulls100\tr_udhr_tr_canonical.json","canonical_udhr_v0_3_nulls100","","","","tr","parallel_udhr","udhr","","","","","","","","","grapheme_class","9213","","","whitespace","Positions classified as whitespace in the grapheme-class stream.","1241","run_entropy","markov_2","2.739702575397","2.847085859847","0.020176624929","-5.322162890488","5.322162890488","0.009900990099","True","{""name"": ""run_entropy"", ""null_model"": ""markov_2"", ""observed"": 2.739702575397, ""null_mean"": 2.847085859847, ""null_std"": 0.020176624929, ""z_score"": -5.322162890488, ""empirical_p"": 0.009900990099, ""null_samples"": 100}"
"outputs\canonical_udhr_v0_3_nulls100\tr_udhr_tr_canonical.json","canonical_udhr_v0_3_nulls100","","","","tr","parallel_udhr","udhr","","","","","","","","","grapheme_class","9213","","","whitespace","Positions classified as whitespace in the grapheme-class stream.","1241","prime_gap_affinity","markov_2","0.388709677419","0.475956027464","0.013721743294","-6.358255520241","6.358255520241","0.009900990099","True","{""name"": ""prime_gap_affinity"", ""null_model"": ""markov_2"", ""observed"": 0.388709677419, ""null_mean"": 0.475956027464, ""null_std"": 0.013721743294, ""z_score"": -6.358255520241, ""empirical_p"": 0.009900990099, ""null_samples"": 100}"
"outputs\canonical_udhr_v0_3_nulls100\tr_udhr_tr_canonical.json","canonical_udhr_v0_3_nulls100","","","","tr","parallel_udhr","udhr","","","","","","","","","grapheme_class","9213","","","punctuation","Positions classified as punctuation in the grapheme-class stream.","187","gap_entropy","markov_2","5.875716492294","6.228936383361","0.063541631963","-5.558873452845","5.558873452845","0.009900990099","True","{""name"": ""gap_entropy"", ""null_model"": ""markov_2"", ""observed"": 5.875716492294, ""null_mean"": 6.228936383361, ""null_std"": 0.063541631963, ""z_score"": -5.558873452845, ""empirical_p"": 0.009900990099, ""null_samples"": 100}"
"outputs\canonical_udhr_v0_3_nulls100\tr_udhr_tr_canonical.json","canonical_udhr_v0_3_nulls100","","","","tr","parallel_udhr","udhr","","","","","","","","","grapheme_class","9213","","","punctuation","Positions classified as punctuation in the grapheme-class stream.","187","run_entropy","markov_2","3.956961357921","4.124243001278","0.031923466078","-5.240083985583","5.240083985583","0.009900990099","True","{""name"": ""run_entropy"", ""null_model"": ""markov_2"", ""observed"": 3.956961357921, ""null_mean"": 4.124243001278, ""null_std"": 0.031923466078, ""z_score"": -5.240083985583, ""empirical_p"": 0.009900990099, ""null_samples"": 100}"
"outputs\canonical_udhr_v0_3_nulls100\tr_udhr_tr_canonical.json","canonical_udhr_v0_3_nulls100","","","","tr","parallel_udhr","udhr","","","","","","","","","grapheme_class","9213","","","other","Positions classified as other in the grapheme-class stream.","8","zeta_spectral_coherence","markov_2","0.000132181201","6.71301e-07","1.430388e-06","91.940013584792","91.940013584792","0.009900990099","True","{""name"": ""zeta_spectral_coherence"", ""null_model"": ""markov_2"", ""observed"": 0.000132181201, ""null_mean"": 6.71301e-07, ""null_std"": 1.430388e-06, ""z_score"": 91.940013584792, ""empirical_p"": 0.009900990099, ""null_samples"": 100}"
"outputs\canonical_udhr_v0_3_nulls100\tr_udhr_tr_canonical.json","canonical_udhr_v0_3_nulls100","","","","tr","parallel_udhr","udhr","","","","","","","","","grapheme_class","9213","","","other","Positions classified as other in the grapheme-class stream.","8","critical_line_symmetry","markov_2","0.964476143156","0.656172652513","0.057055495673","5.403572206447","5.403572206447","0.009900990099","True","{""name"": ""critical_line_symmetry"", ""null_model"": ""markov_2"", ""observed"": 0.964476143156, ""null_mean"": 0.656172652513, ""null_std"": 0.057055495673, ""z_score"": 5.403572206447, ""empirical_p"": 0.009900990099, ""null_samples"": 100}"
"outputs\canonical_udhr_v0_3_nulls100\tr_udhr_tr_canonical.json","canonical_udhr_v0_3_nulls100","","","","tr","parallel_udhr","udhr","","","","","","","","","word_boundary","9213","","","word_boundary","Positions marked as word boundaries after declared whitespace preprocessing.","1241","gap_entropy","markov_2","3.540405948848","3.767333570917","0.045754854767","-4.959640309803","4.959640309803","0.009900990099","True","{""name"": ""gap_entropy"", ""null_model"": ""markov_2"", ""observed"": 3.540405948848, ""null_mean"": 3.767333570917, ""null_std"": 0.045754854767, ""z_score"": -4.959640309803, ""empirical_p"": 0.009900990099, ""null_samples"": 100}"
"outputs\canonical_udhr_v0_3_nulls100\tr_udhr_tr_canonical.json","canonical_udhr_v0_3_nulls100","","","","tr","parallel_udhr","udhr","","","","","","","","","word_boundary","9213","","","word_boundary","Positions marked as word boundaries after declared whitespace preprocessing.","1241","run_entropy","markov_2","2.739702575397","2.854495685864","0.022594753669","-5.080520555765","5.080520555765","0.009900990099","True","{""name"": ""run_entropy"", ""null_model"": ""markov_2"", ""observed"": 2.739702575397, ""null_mean"": 2.854495685864, ""null_std"": 0.022594753669, ""z_score"": -5.080520555765, ""empirical_p"": 0.009900990099, ""null_samples"": 100}"
"outputs\canonical_udhr_v0_3_nulls100\tr_udhr_tr_canonical.json","canonical_udhr_v0_3_nulls100","","","","tr","parallel_udhr","udhr","","","","","","","","","word_boundary","9213","","","word_boundary","Positions marked as word boundaries after declared whitespace preprocessing.","1241","prime_gap_affinity","markov_2","0.388709677419","0.473277774006","0.014261259781","-5.929917685193","5.929917685193","0.009900990099","True","{""name"": ""prime_gap_affinity"", ""null_model"": ""markov_2"", ""observed"": 0.388709677419, ""null_mean"": 0.473277774006, ""null_std"": 0.014261259781, ""z_score"": -5.929917685193, ""empirical_p"": 0.009900990099, ""null_samples"": 100}"
"outputs\canonical_udhr_v0_3_nulls100\tr_udhr_tr_canonical.json","canonical_udhr_v0_3_nulls100","","","","tr","parallel_udhr","udhr","","","","","","","","","frequency_class","1249","","","high_frequency","Token positions in frequency class high_frequency.","422","prime_index_occupancy_bias","markov_2","0.100687401397","-0.004618548569","0.034791308937","3.026788964937","3.026788964937","0.009900990099","True","{""name"": ""prime_index_occupancy_bias"", ""null_model"": ""markov_2"", ""observed"": 0.100687401397, ""null_mean"": -0.004618548569, ""null_std"": 0.034791308937, ""z_score"": 3.026788964937, ""empirical_p"": 0.009900990099, ""null_samples"": 100}"
"outputs\canonical_udhr_v0_3_nulls100\xh_udhr_xh_canonical.json","canonical_udhr_v0_3_nulls100","","","","xh","parallel_udhr","udhr","","","","","","","","","grapheme","9942","","","consonant","Alphabetic non-vowel positions under the MVP classifier.","4734","prime_gap_affinity","markov_2","0.634903866469","0.653998871973","0.005795738229","-3.294663207542","3.294663207542","0.009900990099","True","{""name"": ""prime_gap_affinity"", ""null_model"": ""markov_2"", ""observed"": 0.634903866469, ""null_mean"": 0.653998871973, ""null_std"": 0.005795738229, ""z_score"": -3.294663207542, ""empirical_p"": 0.009900990099, ""null_samples"": 100}"
"outputs\canonical_udhr_v0_3_nulls100\xh_udhr_xh_canonical.json","canonical_udhr_v0_3_nulls100","","","","xh","parallel_udhr","udhr","","","","","","","","","grapheme","9942","","","whitespace","Whitespace positions.","1068","gap_entropy","markov_2","3.699708459436","4.175500765047","0.046317047885","-10.27250930999","10.27250930999","0.009900990099","True","{""name"": ""gap_entropy"", ""null_model"": ""markov_2"", ""observed"": 3.699708459436, ""null_mean"": 4.175500765047, ""null_std"": 0.046317047885, ""z_score"": -10.27250930999, ""empirical_p"": 0.009900990099, ""null_samples"": 100}"
"outputs\canonical_udhr_v0_3_nulls100\xh_udhr_xh_canonical.json","canonical_udhr_v0_3_nulls100","","","","xh","parallel_udhr","udhr","","","","","","","","","grapheme","9942","","","whitespace","Whitespace positions.","1068","run_entropy","markov_2","2.851508963169","3.088114703562","0.023170550906","-10.211485318071","10.211485318071","0.009900990099","True","{""name"": ""run_entropy"", ""null_model"": ""markov_2"", ""observed"": 2.851508963169, ""null_mean"": 3.088114703562, ""null_std"": 0.023170550906, ""z_score"": -10.211485318071, ""empirical_p"": 0.009900990099, ""null_samples"": 100}"
"outputs\canonical_udhr_v0_3_nulls100\xh_udhr_xh_canonical.json","canonical_udhr_v0_3_nulls100","","","","xh","parallel_udhr","udhr","","","","","","","","","grapheme","9942","","","punctuation","Punctuation positions under the declared punctuation/hyphen policies.","212","gap_entropy","markov_2","5.915389487074","6.25233567703","0.05845297353","-5.764397764681","5.764397764681","0.009900990099","True","{""name"": ""gap_entropy"", ""null_model"": ""markov_2"", ""observed"": 5.915389487074, ""null_mean"": 6.25233567703, ""null_std"": 0.05845297353, ""z_score"": -5.764397764681, ""empirical_p"": 0.009900990099, ""null_samples"": 100}"
"outputs\canonical_udhr_v0_3_nulls100\xh_udhr_xh_canonical.json","canonical_udhr_v0_3_nulls100","","","","xh","parallel_udhr","udhr","","","","","","","","","grapheme","9942","","","punctuation","Punctuation positions under the declared punctuation/hyphen policies.","212","run_entropy","markov_2","3.966769563057","4.135796422397","0.030712138916","-5.503584748717","5.503584748717","0.009900990099","True","{""name"": ""run_entropy"", ""null_model"": ""markov_2"", ""observed"": 3.966769563057, ""null_mean"": 4.135796422397, ""null_std"": 0.030712138916, ""z_score"": -5.503584748717, ""empirical_p"": 0.009900990099, ""null_samples"": 100}"
"outputs\canonical_udhr_v0_3_nulls100\xh_udhr_xh_canonical.json","canonical_udhr_v0_3_nulls100","","","","xh","parallel_udhr","udhr","","","","","","","","","grapheme","9942","","","punctuation","Punctuation positions under the declared punctuation/hyphen policies.","212","prime_gap_affinity","markov_2","0.436018957346","0.275771069511","0.030479872896","5.257498559164","5.257498559164","0.009900990099","True","{""name"": ""prime_gap_affinity"", ""null_model"": ""markov_2"", ""observed"": 0.436018957346, ""null_mean"": 0.275771069511, ""null_std"": 0.030479872896, ""z_score"": 5.257498559164, ""empirical_p"": 0.009900990099, ""null_samples"": 100}"
"outputs\canonical_udhr_v0_3_nulls100\xh_udhr_xh_canonical.json","canonical_udhr_v0_3_nulls100","","","","xh","parallel_udhr","udhr","","","","","","","","","grapheme_class","9942","","","consonant","Positions classified as consonant in the grapheme-class stream.","4734","prime_gap_affinity","markov_2","0.634903866469","0.653737758444","0.006216554719","-3.029635035322","3.029635035322","0.009900990099","True","{""name"": ""prime_gap_affinity"", ""null_model"": ""markov_2"", ""observed"": 0.634903866469, ""null_mean"": 0.653737758444, ""null_std"": 0.006216554719, ""z_score"": -3.029635035322, ""empirical_p"": 0.009900990099, ""null_samples"": 100}"
"outputs\canonical_udhr_v0_3_nulls100\xh_udhr_xh_canonical.json","canonical_udhr_v0_3_nulls100","","","","xh","parallel_udhr","udhr","","","","","","","","","grapheme_class","9942","","","whitespace","Positions classified as whitespace in the grapheme-class stream.","1068","gap_entropy","markov_2","3.699708459436","4.170594584555","0.043258080451","-10.885506712465","10.885506712465","0.009900990099","True","{""name"": ""gap_entropy"", ""null_model"": ""markov_2"", ""observed"": 3.699708459436, ""null_mean"": 4.170594584555, ""null_std"": 0.043258080451, ""z_score"": -10.885506712465, ""empirical_p"": 0.009900990099, ""null_samples"": 100}"
"outputs\canonical_udhr_v0_3_nulls100\xh_udhr_xh_canonical.json","canonical_udhr_v0_3_nulls100","","","","xh","parallel_udhr","udhr","","","","","","","","","grapheme_class","9942","","","whitespace","Positions classified as whitespace in the grapheme-class stream.","1068","run_entropy","markov_2","2.851508963169","3.085867644497","0.021699783768","-10.800046850138","10.800046850138","0.009900990099","True","{""name"": ""run_entropy"", ""null_model"": ""markov_2"", ""observed"": 2.851508963169, ""null_mean"": 3.085867644497, ""null_std"": 0.021699783768, ""z_score"": -10.800046850138, ""empirical_p"": 0.009900990099, ""null_samples"": 100}"
"outputs\canonical_udhr_v0_3_nulls100\xh_udhr_xh_canonical.json","canonical_udhr_v0_3_nulls100","","","","xh","parallel_udhr","udhr","","","","","","","","","grapheme_class","9942","","","punctuation","Positions classified as punctuation in the grapheme-class stream.","212","gap_entropy","markov_2","5.915389487074","6.24909058735","0.059142403791","-5.642332385672","5.642332385672","0.009900990099","True","{""name"": ""gap_entropy"", ""null_model"": ""markov_2"", ""observed"": 5.915389487074, ""null_mean"": 6.24909058735, ""null_std"": 0.059142403791, ""z_score"": -5.642332385672, ""empirical_p"": 0.009900990099, ""null_samples"": 100}"
"outputs\canonical_udhr_v0_3_nulls100\xh_udhr_xh_canonical.json","canonical_udhr_v0_3_nulls100","","","","xh","parallel_udhr","udhr","","","","","","","","","grapheme_class","9942","","","punctuation","Positions classified as punctuation in the grapheme-class stream.","212","run_entropy","markov_2","3.966769563057","4.13279299594","0.03015753439","-5.505205788308","5.505205788308","0.009900990099","True","{""name"": ""run_entropy"", ""null_model"": ""markov_2"", ""observed"": 3.966769563057, ""null_mean"": 4.13279299594, ""null_std"": 0.03015753439, ""z_score"": -5.505205788308, ""empirical_p"": 0.009900990099, ""null_samples"": 100}"
"outputs\canonical_udhr_v0_3_nulls100\xh_udhr_xh_canonical.json","canonical_udhr_v0_3_nulls100","","","","xh","parallel_udhr","udhr","","","","","","","","","grapheme_class","9942","","","punctuation","Positions classified as punctuation in the grapheme-class stream.","212","prime_gap_affinity","markov_2","0.436018957346","0.280059455186","0.033418243306","4.666897081734","4.666897081734","0.009900990099","True","{""name"": ""prime_gap_affinity"", ""null_model"": ""markov_2"", ""observed"": 0.436018957346, ""null_mean"": 0.280059455186, ""null_std"": 0.033418243306, ""z_score"": 4.666897081734, ""empirical_p"": 0.009900990099, ""null_samples"": 100}"
"outputs\canonical_udhr_v0_3_nulls100\xh_udhr_xh_canonical.json","canonical_udhr_v0_3_nulls100","","","","xh","parallel_udhr","udhr","","","","","","","","","word_boundary","9942","","","word_boundary","Positions marked as word boundaries after declared whitespace preprocessing.","1068","gap_entropy","markov_2","3.699708459436","4.170564620586","0.045407295231","-10.36961481091","10.36961481091","0.009900990099","True","{""name"": ""gap_entropy"", ""null_model"": ""markov_2"", ""observed"": 3.699708459436, ""null_mean"": 4.170564620586, ""null_std"": 0.045407295231, ""z_score"": -10.36961481091, ""empirical_p"": 0.009900990099, ""null_samples"": 100}"
"outputs\canonical_udhr_v0_3_nulls100\xh_udhr_xh_canonical.json","canonical_udhr_v0_3_nulls100","","","","xh","parallel_udhr","udhr","","","","","","","","","word_boundary","9942","","","word_boundary","Positions marked as word boundaries after declared whitespace preprocessing.","1068","run_entropy","markov_2","2.851508963169","3.085716747808","0.02276825089","-10.286595389955","10.286595389955","0.009900990099","True","{""name"": ""run_entropy"", ""null_model"": ""markov_2"", ""observed"": 2.851508963169, ""null_mean"": 3.085716747808, ""null_std"": 0.02276825089, ""z_score"": -10.286595389955, ""empirical_p"": 0.009900990099, ""null_samples"": 100}"
"outputs\canonical_udhr_v0_3_nulls100\zh_udhr_zh_canonical.json","canonical_udhr_v0_3_nulls100","","","","zh","parallel_udhr","udhr","","","","","","","","","grapheme","2989","","","vowel","Basic Latin-vowel positions plus common accented vowels.","4","zeta_spectral_coherence","markov_2","0.000132345705","7.374237e-06","2.0594457e-05","6.068208877384","6.068208877384","0.019801980198","True","{""name"": ""zeta_spectral_coherence"", ""null_model"": ""markov_2"", ""observed"": 0.000132345705, ""null_mean"": 7.374237e-06, ""null_std"": 2.0594457e-05, ""z_score"": 6.068208877384, ""empirical_p"": 0.019801980198, ""null_samples"": 100}"
"outputs\canonical_udhr_v0_3_nulls100\zh_udhr_zh_canonical.json","canonical_udhr_v0_3_nulls100","","","","zh","parallel_udhr","udhr","","","","","","","","","grapheme","2989","","","consonant","Alphabetic non-vowel positions under the MVP classifier.","2675","zeta_spectral_coherence","markov_2","0.001461825586","0.000279461024","0.000135134708","8.749525438494","8.749525438494","0.009900990099","True","{""name"": ""zeta_spectral_coherence"", ""null_model"": ""markov_2"", ""observed"": 0.001461825586, ""null_mean"": 0.000279461024, ""null_std"": 0.000135134708, ""z_score"": 8.749525438494, ""empirical_p"": 0.009900990099, ""null_samples"": 100}"
"outputs\canonical_udhr_v0_3_nulls100\zh_udhr_zh_canonical.json","canonical_udhr_v0_3_nulls100","","","","zh","parallel_udhr","udhr","","","","","","","","","grapheme","2989","","","whitespace","Whitespace positions.","96","gap_entropy","markov_2","4.93793120331","5.429443550604","0.089393291732","-5.498313550949","5.498313550949","0.009900990099","True","{""name"": ""gap_entropy"", ""null_model"": ""markov_2"", ""observed"": 4.93793120331, ""null_mean"": 5.429443550604, ""null_std"": 0.089393291732, ""z_score"": -5.498313550949, ""empirical_p"": 0.009900990099, ""null_samples"": 100}"
"outputs\canonical_udhr_v0_3_nulls100\zh_udhr_zh_canonical.json","canonical_udhr_v0_3_nulls100","","","","zh","parallel_udhr","udhr","","","","","","","","","grapheme","2989","","","whitespace","Whitespace positions.","96","run_entropy","markov_2","3.440776295298","3.661211223112","0.057079917182","-3.861864885167","3.861864885167","0.009900990099","True","{""name"": ""run_entropy"", ""null_model"": ""markov_2"", ""observed"": 3.440776295298, ""null_mean"": 3.661211223112, ""null_std"": 0.057079917182, ""z_score"": -3.861864885167, ""empirical_p"": 0.009900990099, ""null_samples"": 100}"
"outputs\canonical_udhr_v0_3_nulls100\zh_udhr_zh_canonical.json","canonical_udhr_v0_3_nulls100","","","","zh","parallel_udhr","udhr","","","","","","","","","grapheme","2989","","","digit","ASCII digit positions.","11","zeta_spectral_coherence","markov_2","0.000376717558","2.1243918e-05","3.6404571e-05","9.764533185897","9.764533185897","0.009900990099","True","{""name"": ""zeta_spectral_coherence"", ""null_model"": ""markov_2"", ""observed"": 0.000376717558, ""null_mean"": 2.1243918e-05, ""null_std"": 3.6404571e-05, ""z_score"": 9.764533185897, ""empirical_p"": 0.009900990099, ""null_samples"": 100}"
"outputs\canonical_udhr_v0_3_nulls100\zh_udhr_zh_canonical.json","canonical_udhr_v0_3_nulls100","","","","zh","parallel_udhr","udhr","","","","","","","","","grapheme_class","2989","","","vowel","Positions classified as vowel in the grapheme-class stream.","4","zeta_spectral_coherence","markov_2","0.000132345705","1.0311001e-05","2.9054372e-05","4.200218251962","4.200218251962","0.019801980198","True","{""name"": ""zeta_spectral_coherence"", ""null_model"": ""markov_2"", ""observed"": 0.000132345705, ""null_mean"": 1.0311001e-05, ""null_std"": 2.9054372e-05, ""z_score"": 4.200218251962, ""empirical_p"": 0.019801980198, ""null_samples"": 100}"
"outputs\canonical_udhr_v0_3_nulls100\zh_udhr_zh_canonical.json","canonical_udhr_v0_3_nulls100","","","","zh","parallel_udhr","udhr","","","","","","","","","grapheme_class","2989","","","consonant","Positions classified as consonant in the grapheme-class stream.","2675","zeta_spectral_coherence","markov_2","0.001461825586","0.000302017387","0.000147982137","7.837487815583","7.837487815583","0.009900990099","True","{""name"": ""zeta_spectral_coherence"", ""null_model"": ""markov_2"", ""observed"": 0.001461825586, ""null_mean"": 0.000302017387, ""null_std"": 0.000147982137, ""z_score"": 7.837487815583, ""empirical_p"": 0.009900990099, ""null_samples"": 100}"
"outputs\canonical_udhr_v0_3_nulls100\zh_udhr_zh_canonical.json","canonical_udhr_v0_3_nulls100","","","","zh","parallel_udhr","udhr","","","","","","","","","grapheme_class","2989","","","digit","Positions classified as digit in the grapheme-class stream.","11","zeta_spectral_coherence","markov_2","0.000376717558","2.5214229e-05","4.4977765e-05","7.815046561398","7.815046561398","0.009900990099","True","{""name"": ""zeta_spectral_coherence"", ""null_model"": ""markov_2"", ""observed"": 0.000376717558, ""null_mean"": 2.5214229e-05, ""null_std"": 4.4977765e-05, ""z_score"": 7.815046561398, ""empirical_p"": 0.009900990099, ""null_samples"": 100}"
"outputs\canonical_udhr_v0_3_nulls100\zh_udhr_zh_canonical.json","canonical_udhr_v0_3_nulls100","","","","zh","parallel_udhr","udhr","","","","","","","","","grapheme_class","2989","","","whitespace","Positions classified as whitespace in the grapheme-class stream.","96","gap_entropy","markov_2","4.93793120331","5.449225763049","0.090746916676","-5.634291262661","5.634291262661","0.009900990099","True","{""name"": ""gap_entropy"", ""null_model"": ""markov_2"", ""observed"": 4.93793120331, ""null_mean"": 5.449225763049, ""null_std"": 0.090746916676, ""z_score"": -5.634291262661, ""empirical_p"": 0.009900990099, ""null_samples"": 100}"
"outputs\canonical_udhr_v0_3_nulls100\zh_udhr_zh_canonical.json","canonical_udhr_v0_3_nulls100","","","","zh","parallel_udhr","udhr","","","","","","","","","grapheme_class","2989","","","whitespace","Positions classified as whitespace in the grapheme-class stream.","96","run_entropy","markov_2","3.440776295298","3.674638379985","0.061385277167","-3.809742262018","3.809742262018","0.009900990099","True","{""name"": ""run_entropy"", ""null_model"": ""markov_2"", ""observed"": 3.440776295298, ""null_mean"": 3.674638379985, ""null_std"": 0.061385277167, ""z_score"": -3.809742262018, ""empirical_p"": 0.009900990099, ""null_samples"": 100}"
"outputs\canonical_udhr_v0_3_nulls100\zh_udhr_zh_canonical.json","canonical_udhr_v0_3_nulls100","","","","zh","parallel_udhr","udhr","","","","","","","","","grapheme_class","2989","","","other","Positions classified as other in the grapheme-class stream.","8","prime_gap_affinity","markov_2","0.714285714286","0.195560606061","0.161627038731","3.209395607928","3.209395607928","0.009900990099","True","{""name"": ""prime_gap_affinity"", ""null_model"": ""markov_2"", ""observed"": 0.714285714286, ""null_mean"": 0.195560606061, ""null_std"": 0.161627038731, ""z_score"": 3.209395607928, ""empirical_p"": 0.009900990099, ""null_samples"": 100}"
"outputs\canonical_udhr_v0_3_nulls100\zh_udhr_zh_canonical.json","canonical_udhr_v0_3_nulls100","","","","zh","parallel_udhr","udhr","","","","","","","","","grapheme_class","2989","","","other","Positions classified as other in the grapheme-class stream.","8","zeta_spectral_coherence","markov_2","0.000428149532","6.171735e-06","8.041164e-06","52.477201239853","52.477201239853","0.009900990099","True","{""name"": ""zeta_spectral_coherence"", ""null_model"": ""markov_2"", ""observed"": 0.000428149532, ""null_mean"": 6.171735e-06, ""null_std"": 8.041164e-06, ""z_score"": 52.477201239853, ""empirical_p"": 0.009900990099, ""null_samples"": 100}"
"outputs\canonical_udhr_v0_3_nulls100\zh_udhr_zh_canonical.json","canonical_udhr_v0_3_nulls100","","","","zh","parallel_udhr","udhr","","","","","","","","","grapheme_class","2989","","","other","Positions classified as other in the grapheme-class stream.","8","critical_line_symmetry","markov_2","0.927289672398","0.725539921872","0.056932344526","3.543675430975","3.543675430975","0.009900990099","True","{""name"": ""critical_line_symmetry"", ""null_model"": ""markov_2"", ""observed"": 0.927289672398, ""null_mean"": 0.725539921872, ""null_std"": 0.056932344526, ""z_score"": 3.543675430975, ""empirical_p"": 0.009900990099, ""null_samples"": 100}"
"outputs\canonical_udhr_v0_3_nulls100\zh_udhr_zh_canonical.json","canonical_udhr_v0_3_nulls100","","","","zh","parallel_udhr","udhr","","","","","","","","","word_boundary","2989","","","word_boundary","Positions marked as word boundaries after declared whitespace preprocessing.","96","gap_entropy","markov_2","4.93793120331","5.447071240742","0.086464098101","-5.888456002156","5.888456002156","0.009900990099","True","{""name"": ""gap_entropy"", ""null_model"": ""markov_2"", ""observed"": 4.93793120331, ""null_mean"": 5.447071240742, ""null_std"": 0.086464098101, ""z_score"": -5.888456002156, ""empirical_p"": 0.009900990099, ""null_samples"": 100}"
"outputs\canonical_udhr_v0_3_nulls100\zh_udhr_zh_canonical.json","canonical_udhr_v0_3_nulls100","","","","zh","parallel_udhr","udhr","","","","","","","","","word_boundary","2989","","","word_boundary","Positions marked as word boundaries after declared whitespace preprocessing.","96","run_entropy","markov_2","3.440776295298","3.673462328393","0.063307493881","-3.675489564219","3.675489564219","0.009900990099","True","{""name"": ""run_entropy"", ""null_model"": ""markov_2"", ""observed"": 3.440776295298, ""null_mean"": 3.673462328393, ""null_std"": 0.063307493881, ""z_score"": -3.675489564219, ""empirical_p"": 0.009900990099, ""null_samples"": 100}"
"outputs\canonical_udhr_v0_3_nulls100\zh_udhr_zh_canonical.json","canonical_udhr_v0_3_nulls100","","","","zh","parallel_udhr","udhr","","","","","","","","","frequency_class","237","","","hapax","Token positions in frequency class hapax.","231","zeta_spectral_coherence","markov_2","0.006038146586","0.000566681778","0.000769658665","7.108949794938","7.108949794938","0.009900990099","True","{""name"": ""zeta_spectral_coherence"", ""null_model"": ""markov_2"", ""observed"": 0.006038146586, ""null_mean"": 0.000566681778, ""null_std"": 0.000769658665, ""z_score"": 7.108949794938, ""empirical_p"": 0.009900990099, ""null_samples"": 100}"
"outputs\canonical_udhr_v0_3_nulls100\zh_udhr_zh_canonical.json","canonical_udhr_v0_3_nulls100","","","","zh","parallel_udhr","udhr","","","","","","","","","frequency_class","237","","","mid_frequency","Token positions in frequency class mid_frequency.","6","zeta_spectral_coherence","markov_2","0.006038146586","0.000674741052","0.001008251689","5.319510587897","5.319510587897","0.009900990099","True","{""name"": ""zeta_spectral_coherence"", ""null_model"": ""markov_2"", ""observed"": 0.006038146586, ""null_mean"": 0.000674741052, ""null_std"": 0.001008251689, ""z_score"": 5.319510587897, ""empirical_p"": 0.009900990099, ""null_samples"": 100}"
